Workbook
Name _Check.Y.N: [3]Lists!$A$1:$A$2
Name AssetsList: [4]Assets!$A$2:$A$50
Name AssetsList: 'Assets (2)'!$A$2:$A$500
Name AssetsList: 'Asset-types (check)'!$A$2:$A$53
Name Consolidated_Threat_Hazard_Categories: '[1]Key Risks'!$A$2:$A$21
Name Dept.or.Function: '[5]Lookup lists'!$A$2:$A$21
Name DocList: #REF!
Name DocsList: '[4]Master list'!$E$2:$E$39
Name DocsList: #REF!
Name ISMSrecords: #REF!
Name KontroleID: Controls!$A$3:$A$116
Name LikelihoodRating: [4]Likelihood!$A$2:$A$6
Name LikelihoodRating: Likelihood!$A$2:$A$6
Name ListaPrijetnji: Threats!$B$5:$B$52
Name ListaPrijetnji2: Threats!$B$5:$B$62
Name Opcije: 'RTP Options'!$A$2:$A$5
Name Options: [2]Options!$A$3:$A$6
Name Options2: 'RTP Options'!$A$9:$A$12
Name Prijetnja: Threats!$B$5:$B$52
Name Prijetnja: Threats!$B$5:$B$52
Name RatingAvailability: [4]Impact!$A$19:$A$23
Name RatingAvailability: Impact!$A$19:$A$23
Name RatingConfidentiality: [4]Impact!$A$3:$A$7
Name RatingConfidentiality: Impact!$A$3:$A$7
Name RatingIntegrity: [4]Impact!$A$11:$A$15
Name RatingIntegrity: Impact!$A$11:$A$15
Name RiskOwners: [4]Owners!$B$2:$B$20
Name RiskOwners: Owners!$B$2:$B$20
Name RTPoptions: '[4]RTP Options'!$A$2:$A$12
Name RTPoptions: 'RTP Options'!$A$2:$A$12
Name RTPstatus: '[4]RTP status'!$A$2:$A$17
Name RTPstatus: 'RTP status'!$A$2:$A$17
Name ThreatsList: [4]Threats!$B$5:$B$197
Name ThreatsList: Threats!$B$5:$B$197
Name Vulberability2: #REF!
Name Vulberability2: #REF!
Name Vulberability2: #REF!
Name Vulberability2: #REF!
Name Vulberability2: #REF!
Name Vulberability2: #REF!
Name VulnerabitiesList: [4]Vulnerabilities!$B$6:$B$300
Name VulnerabitiesList: Vulnerabilities!$B$6:$B$300

Sheet Cover
B9: Company | C9: Agile Lab Pte Ltd
B10: Department
B11: Address | C11: 73 Ayer Rajah Crescent, #02-28, Singapore 139952
B12: Document Title | C12: ISMS Risk Assessment & Treatment Plan
B13: Standard | C13: ISO27001 | D13: Doc. No. | E13: NA
B14: Classification | C14: Confidential | D14: Rev. No. | E14: 0
B15: Prepared by | C15: Lim Sek Seong & Daniel Lim | D15: Date | E15: 44104
B16: Approved by | D16: Date | E16: =DATE(YEAR(E15),MONTH(E15),DAY(E15)+14) -> 44118

Sheet RA-RTP (Aug2019) (2)
A1: Risk Assessment | N1: Risk Treatment Plan
A2: No | B2: Asset name Asset type | C2: Asset owner | D2: Threat | E2: Vulnerability | F2: Risk owner | G2: Confiden-tiality | H2: Integrity | I2: Availability | J2: Impact Severity | K2: Likelihood | L2: Risk | M2: Existing controls | N2: Selection of options | O2: Implementation approach | P2: By Whom | Q2: Status | R2: Next Follow-up date
A3: 1 | B3: Email server (service) | C3: PD | D3: hacking or virus attack | E3: Confidential information will available to unauthorized persons Email records or data may be modified (loss of data integrity) Email application service and database may be disrupted (unavailable) | F3: PD | G3: 5 | H3: 5 | I3: 5 | J3: =IF(MAX(G3:I3)=0,"",MAX(G3:I3)) -> 5 | K3: 1 | L3: =IFERROR(J3*K3,"") -> 5 | M3: Anti-virus installed and regular updates for virus signatures and application upgrades. | N3: Selection of controls | O3: Conduct VAPT; determine and close weaknesses (if any) | P3: ASP | Q3: Implemented | R3: 43739
D4: application errors | E4: inadequate change control | F4: =IF($C4<>"",C4,"") | G4: 1 | H4: 1 | I4: 5 | J4: =IF(MAX(G4:I4)=0,"",MAX(G4:I4)) -> 5 | K4: 1 | L4: =IFERROR(J4*K4,"") -> 5 | M4: Critical updates and patches are tested by the vendor; then they are applied to the email server. | N4: Selection of controls | O4: Secure Development Policy (ISMS-07) | Q4: Implemented
D5: equipment failure | E5: inadequate maintenance | F5: =IF($C5<>"",C5,"") | G5: 1 | H5: 1 | I5: 5 | J5: =IF(MAX(G5:I5)=0,"",MAX(G5:I5)) -> 5 | K5: 1 | L5: =IFERROR(J5*K5,"") -> 5 | M5: Regular maintenance on essential IT and technology equipment. Implement ICT DR server for email. | N5: Selection of controls | O5: Operating Procedures for Information and Communication Technology (ISMS-14) | Q5: Implemented
D6: equipment failure | E6: location sensitive to water leakage | G6: 1 | H6: 1 | I6: 5 | J6: =IF(MAX(G6:I6)=0,"",MAX(G6:I6)) -> 5 | K6: 1 | L6: =IFERROR(J6*K6,"") -> 5 | M6: Ensure server rooms do not have water pipes running through or near by the server room; except fire protection system that is approved for data centre operations. | N6: Selection of controls | O6: Operating Procedures for Information and Communication Technology (ISMS-14) | Q6: Implemented
D7: equipment failure | E7: sensitivity of equipment to temperature | G7: 1 | H7: 1 | I7: 5 | J7: =IF(MAX(G7:I7)=0,"",MAX(G7:I7)) -> 5 | K7: 1 | L7: =IFERROR(J7*K7,"") -> 5 | M7: Computer server rooms have adequate air-conditioning units operating 24/7 daily. | N7: Selection of controls | O7: Operating Procedures for Information and Communication Technology (ISMS-14) | Q7: Implemented
D8: equipment failure | E8: sensitivity of equipment to voltage change | G8: 1 | H8: 1 | I8: 5 | J8: =IF(MAX(G8:I8)=0,"",MAX(G8:I8)) -> 5 | K8: 1 | L8: =IFERROR(J8*K8,"") -> 5 | M8: Power supply to racks are supplied by circuits with power stabilizers and controllers that are suitable to support data centre electrical power systems. | N8: Selection of controls | O8: Operating Procedures for Information and Communication Technology (ISMS-14) | Q8: Implemented
D9: fire | E9: location sensitive to natural disasters | F9: =IF($C9<>"",C9,"") | G9: 1 | H9: 1 | I9: 5 | J9: =IF(MAX(G9:I9)=0,"",MAX(G9:I9)) -> 5 | K9: 1 | L9: =IFERROR(J9*K9,"") -> 5 | M9: Fire protection systems are implemented and maintained according to FSB requirements; including placement of fire extinguishers and hose reels in selected areas. Servers in the data centre are protected by gas and water fire suppression protection systems. | N9: Risk acceptance | O9: Risk Assessment and Treatment Methodology (ISMS-02) | Q9: Annual review
D10: interruption of power supply | E10: sensitivity of equipment to voltage change | F10: =IF($C10<>"",C10,"") | G10: 1 | H10: 1 | I10: 5 | J10: =IF(MAX(G10:I10)=0,"",MAX(G10:I10)) -> 5 | K10: 1 | L10: =IFERROR(J10*K10,"") -> 5 | M10: Building electrical power supply system and sources are reliable. Data centre also has backup generator and UPS systems to prevent blackouts. | N10: Risk acceptance | O10: Risk Assessment and Treatment Methodology (ISMS-02) | Q10: Annual review
D11: misuse of information systems | E11: inadequate level of knowledge and/or awareness of employees | F11: =IF($C11<>"",C11,"") | G11: 5 | H11: 1 | I11: 1 | J11: =IF(MAX(G11:I11)=0,"",MAX(G11:I11)) -> 5 | K11: 1 | L11: =IFERROR(J11*K11,"") -> 5 | M11: Adequate IS policy, procedures and controls are implemented – staff will be trained be made more aware of IS and cyberattacks. | N11: Selection of controls | O11: Information Security Policy (ISMS-01) | Q11: Implemented
D12: misuse of information systems | E12: inadequate supervision of external suppliers | F12: =IF($C12<>"",C12,"") | G12: 5 | H12: 5 | I12: 5 | J12: =IF(MAX(G12:I12)=0,"",MAX(G12:I12)) -> 5 | K12: 1 | L12: =IFERROR(J12*K12,"") -> 5 | M12: Adequate IS policy, procedures and controls are implemented. Only pre-authorised technicians, engineers and other staff will be granted access to sensitive areas. | N12: Selection of controls | O12: Supplier Security Policy (ISMS-08) | Q12: Implemented
D13: deterioration of media | E13: email records may be lost or corrupted | F13: =IF($C13<>"",C13,"") | G13: 1 | H13: 1 | I13: 5 | J13: =IF(MAX(G13:I13)=0,"",MAX(G13:I13)) -> 5 | K13: 1 | L13: =IFERROR(J13*K13,"") -> 5 | M13: Storage for email records use RAID. Users are required to save critical information and files in the department shared folders. | N13: Selection of controls | O13: Operating Procedures for Information and Communication Technology (ISMS-14) | Q13: Implemented
D14: information interception | E14: Confidential information will available to unauthorized persons. Email records or data may be modified (loss of data integrity). Information obtained may be used to commit fraud or crimes. Stolen intellectual property may be used against the company or disadvantage the company in business deals. | F14: =IF($C14<>"",C14,"") | G14: 5 | H14: 5 | I14: 1 | J14: =IF(MAX(G14:I14)=0,"",MAX(G14:I14)) -> 5 | K14: 1 | L14: =IFERROR(J14*K14,"") -> 5 | M14: Confidential information and intellectual property transmitted file attachments in emails will be encrypted using standard zip tools with passwords; which will be transmitted separately. | N14: Selection of controls | O14: Policy on the Use of Cryptographic Controls (ISMS-09) | Q14: Implemented
A15: 2 | B15: ERP service | C15: PD | D15: hacking or virus attack | E15: Sensitive information about the business will be available to unauthorized persons. Customer and transaction records and data may be lost or leaked. Hackers may seize control of the server system or data records, and use it to commit computer fraud or crime. The system configuration and database may also be damaged or destroyed (loss). | F15: PD | G15: 5 | H15: 5 | I15: 5 | J15: =IF(MAX(G15:I15)=0,"",MAX(G15:I15)) -> 5 | K15: 1 | L15: =IFERROR(J15*K15,"") -> 5 | M15: Anti-virus installed and regular updates for virus signatures and application upgrades. PCs are connected via a dedicated OA network. Users working externally will connect using VPN and https services. Users and administrators (including service provider support staff) access are granted based on least privileged use policy and procedures. | N15: Selection of controls | O15: Procedures for Working in Secure Areas (ISMS-12) | P15: ASP | Q15: Implemented
D16: equipment failure | E16: inadequate maintenance | F16: =IF($C16<>"",C16,"") | G16: 1 | H16: 1 | I16: 5 | J16: =IF(MAX(G16:I16)=0,"",MAX(G16:I16)) -> 5 | K16: 1 | L16: =IFERROR(J16*K16,"") -> 5 | M16: Regular maintenance is carried out on the server hardware and operating system. | N16: Selection of controls | O16: Operating Procedures for Information and Communication Technology (ISMS-14) | Q16: Implemented
D17: equipment failure | E17: location sensitive to water leakage | G17: 1 | H17: 1 | I17: 5 | J17: =IF(MAX(G17:I17)=0,"",MAX(G17:I17)) -> 5 | K17: 1 | L17: =IFERROR(J17*K17,"") -> 5 | M17: Server is located in a secure third party data centre; i.e. no piping inside or around the area. | N17: Selection of controls | O17: Operating Procedures for Information and Communication Technology (ISMS-14) | Q17: Implemented
D18: equipment failure | E18: sensitivity of equipment to temperature | G18: 1 | H18: 1 | I18: 5 | J18: =IF(MAX(G18:I18)=0,"",MAX(G18:I18)) -> 5 | K18: 1 | L18: =IFERROR(J18*K18,"") -> 5 | M18: Adequate air-conditioning units operates 24/7 daily to provide optimum operating temperatures. | N18: Selection of controls | O18: Operating Procedures for Information and Communication Technology (ISMS-14) | Q18: Implemented
D19: equipment failure | E19: sensitivity of equipment to voltage change | G19: 1 | H19: 1 | I19: 5 | J19: =IF(MAX(G19:I19)=0,"",MAX(G19:I19)) -> 5 | K19: 1 | L19: =IFERROR(J19*K19,"") -> 5 | M19: Power supply to racks are supplied by circuits with appropriate power stabilizers and controllers; that are suitable for use in data centre electrical power supply systems. | N19: Selection of controls | O19: Operating Procedures for Information and Communication Technology (ISMS-14) | Q19: Implemented
D20: fire | E20: location sensitive to natural disasters | F20: =IF($C20<>"",C20,"") | G20: 1 | H20: 1 | I20: 5 | J20: =IF(MAX(G20:I20)=0,"",MAX(G20:I20)) -> 5 | K20: 1 | L20: =IFERROR(J20*K20,"") -> 5 | M20: Fire protection systems are implemented and maintained according to FSB requirements; fire extinguishers and hose reels are placed in common areas. Servers in the data centre are protected by gas and water fire suppression protection systems. | N20: Risk acceptance | O20: Risk Assessment and Treatment Methodology (ISMS-02) | Q20: Annual review
D21: interruption of power supply | E21: sensitivity of equipment to voltage change | F21: =IF($C21<>"",C21,"") | G21: 1 | H21: 1 | I21: 5 | J21: =IF(MAX(G21:I21)=0,"",MAX(G21:I21)) -> 5 | K21: 1 | L21: =IFERROR(J21*K21,"") -> 5 | M21: Building electrical power supply system and sources are reliable. Data centre also has backup generator and UPS systems to prevent blackouts. | N21: Risk acceptance | O21: Risk Assessment and Treatment Methodology (ISMS-02) | Q21: Annual review
D22: misuse of information systems | E22: inadequate supervision of external suppliers | F22: =IF($C22<>"",C22,"") | G22: 5 | H22: 5 | I22: 5 | J22: =IF(MAX(G22:I22)=0,"",MAX(G22:I22)) -> 5 | K22: 1 | L22: =IFERROR(J22*K22,"") -> 5 | M22: Adequate IS policy, procedures and controls are implemented. Only pre-authorised technicians, engineers and other staff will be granted access to sensitive areas. | N22: Selection of controls | O22: Information Security Policy (ISMS-01) | Q22: Implemented
D23: application errors | E23: inadequate change control | G23: 1 | H23: 1 | I23: 5 | J23: =IF(MAX(G23:I23)=0,"",MAX(G23:I23)) -> 5 | K23: 1 | L23: =IFERROR(J23*K23,"") -> 5 | M23: Updates and patches are tested by pre-authorised technicians or engineers. These are applied only after they are tested in the vendors' test environment. | N23: Selection of controls | O23: Secure Development Policy (ISMS-07) | Q23: Implemented
A24: 3 | B24: eCom service | C24: PD | D24: hacking or virus attack | E24: Sensitive information will be available or accessible to unauthorized persons. Hackers may seize control of confidential data and information; using it to commit fraud and crimes. The system configuration and database may also be damaged or destroyed (loss). | F24: PD | G24: 5 | H24: 5 | I24: 5 | J24: =IF(MAX(G24:I24)=0,"",MAX(G24:I24)) -> 5 | K24: 1 | L24: =IFERROR(J24*K24,"") -> 5 | M24: Anti-virus installed and regular updates for virus signatures and application upgrades. The server hardware is housed in an external data centre with access restricted to authorized personnel from the service provider, and data centre facilities operation staff. | N24: Selection of controls | O24: Procedures for Working in Secure Areas (ISMS-12) | Q24: Implemented
D25: equipment failure | E25: inadequate change control | F25: =IF($C25<>"",C25,"") | G25: 1 | H25: 1 | I25: 5 | J25: =IF(MAX(G25:I25)=0,"",MAX(G25:I25)) -> 5 | K25: 1 | L25: =IFERROR(J25*K25,"") -> 5 | M25: Updates and patches are tested by pre-authorised technicians or engineers. These are applied only after they are tested in the vendors' test environment. | N25: Selection of controls | O25: Operating Procedures for Information and Communication Technology (ISMS-14) | Q25: Implemented
D26: equipment failure | E26: inadequate maintenance | F26: =IF($C26<>"",C26,"") | G26: 1 | H26: 1 | I26: 5 | J26: =IF(MAX(G26:I26)=0,"",MAX(G26:I26)) -> 5 | K26: 1 | L26: =IFERROR(J26*K26,"") -> 5 | M26: Regular maintenance is carried out on the server hardware, operating system software, and application software. Preventive and corrective maintenance are carried out as per manufacturers' recommendations. | N26: Selection of controls | O26: Operating Procedures for Information and Communication Technology (ISMS-14) | Q26: Implemented
D27: equipment failure | E27: location sensitive to water leakage | G27: 1 | H27: 1 | I27: 5 | J27: =IF(MAX(G27:I27)=0,"",MAX(G27:I27)) -> 5 | K27: 1 | L27: =IFERROR(J27*K27,"") -> 5 | M27: Server is located in a secure 3rd party data centre; i.e. no piping inside or around the area. | N27: Selection of controls | O27: Operating Procedures for Information and Communication Technology (ISMS-14) | Q27: Implemented
D28: equipment failure | E28: sensitivity of equipment to temperature | G28: 1 | H28: 1 | I28: 5 | J28: =IF(MAX(G28:I28)=0,"",MAX(G28:I28)) -> 5 | K28: 1 | L28: =IFERROR(J28*K28,"") -> 5 | M28: Server is housed in a 3rd party data centre with adequate air quality and temperature control systems; which operates 24/7 daily to provide optimum operating temperatures. | N28: Selection of controls | O28: Operating Procedures for Information and Communication Technology (ISMS-14) | Q28: Implemented
D29: equipment failure | E29: sensitivity of equipment to voltage change | G29: 1 | H29: 1 | I29: 5 | J29: =IF(MAX(G29:I29)=0,"",MAX(G29:I29)) -> 5 | K29: 1 | L29: =IFERROR(J29*K29,"") -> 5 | M29: Power supply to racks are supplied by circuits with power stabilizers and controllers. | N29: Risk acceptance | O29: Risk Assessment and Treatment Methodology (ISMS-02) | Q29: Annual review
D30: fire | E30: location sensitive to natural disasters | F30: =IF($C30<>"",C30,"") | G30: 1 | H30: 1 | I30: 5 | J30: =IF(MAX(G30:I30)=0,"",MAX(G30:I30)) -> 5 | K30: 1 | L30: =IFERROR(J30*K30,"") -> 5 | M30: Fire protection according to FSB requirements; fire extinguishers and hose reels are placed in common areas. Servers in the data centre are protected by gas and water fire suppression protection systems. | N30: Risk acceptance | O30: Risk Assessment and Treatment Methodology (ISMS-02) | Q30: Annual review
D31: interruption of power supply | E31: sensitivity of equipment to voltage change | F31: =IF($C31<>"",C31,"") | G31: 1 | H31: 1 | I31: 5 | J31: =IF(MAX(G31:I31)=0,"",MAX(G31:I31)) -> 5 | K31: 1 | L31: =IFERROR(J31*K31,"") -> 5 | M31: Building electrical power supply system and sources are reliable. Data centre also has backup generator and UPS systems to prevent suddent power trips and blackouts. | N31: Selection of controls | O31: Risk Assessment and Treatment Methodology (ISMS-02) | Q31: Annual review
D32: misuse of information systems | E32: inadequate level of knowledge and/or awareness of employees | F32: =IF($C32<>"",C32,"") | G32: 5 | H32: 1 | I32: 1 | J32: =IF(MAX(G32:I32)=0,"",MAX(G32:I32)) -> 5 | K32: 1 | L32: =IFERROR(J32*K32,"") -> 5 | M32: Logical and physical access to the server and network is restricted based on least privileged access needs. Unauthorised access is also prevented through anti virus and malware protection. | N32: Selection of controls | O32: Information Security Policy (ISMS-01) | Q32: Implemented
D33: misuse of information systems | E33: inadequate supervision of external suppliers | F33: =IF($C33<>"",C33,"") | G33: 5 | H33: 5 | I33: 5 | J33: =IF(MAX(G33:I33)=0,"",MAX(G33:I33)) -> 5 | K33: 1 | L33: =IFERROR(J33*K33,"") -> 5 | M33: Adequate IS policy, procedures and controls are implemented. Only pre-authorised technicians, engineers and other staff will be granted access to sensitive areas. | N33: Selection of controls | O33: Supplier Security Policy (ISMS-08) | Q33: Implemented
A36: 4 | B36: PCs (OA) | C36: Staff | D36: hacking or virus attack | E36: Confidential information will available to unauthorized persons. Integrity of confidential information and intellectual property may be compromised. | F36: PD | G36: 5 | H36: 5 | I36: 5 | J36: =IF(MAX(G36:I36)=0,"",MAX(G36:I36)) -> 5 | K36: 1 | L36: =IFERROR(J36*K36,"") -> 5 | M36: Anti-virus installed and regular updates for virus signatures and application upgrades. | N36: Selection of controls | O36: Determine and "plug" weaknesses via VAPT | P36: CEO | Q36: WIP | R36: 43445
D37: malicious code | E37: inadequate change control | F37: =IF($C37<>"",C37,"") | G37: 1 | H37: 1 | I37: 5 | J37: =IF(MAX(G37:I37)=0,"",MAX(G37:I37)) -> 5 | K37: 1 | L37: =IFERROR(J37*K37,"") -> 5 | M37: Application and system updates are tested separately before they are rolled out to staff. | N37: Selection of controls | O37: Operating Procedures for Information and Communication Technology (ISMS-14) | Q37: Implemented
D38: equipment failure | E38: inadequate maintenance | F38: =IF($C38<>"",C38,"") | G38: 1 | H38: 1 | I38: 5 | J38: =IF(MAX(G38:I38)=0,"",MAX(G38:I38)) -> 5 | K38: 1 | L38: =IFERROR(J38*K38,"") -> 5 | M38: Regular maintenance on PCs. | N38: Selection of controls | O38: Operating Procedures for Information and Communication Technology (ISMS-14) | Q38: Implemented
D39: equipment failure | E39: location sensitive to water leakage | G39: 1 | H39: 1 | I39: 5 | J39: =IF(MAX(G39:I39)=0,"",MAX(G39:I39)) -> 5 | K39: 1 | L39: =IFERROR(J39*K39,"") -> 5 | M39: Workstations for staff are not located near or under any water pipes. | N39: Selection of controls | O39: Operating Procedures for Information and Communication Technology (ISMS-14) | Q39: Implemented
D40: equipment failure | E40: sensitivity of equipment to temperature | G40: 1 | H40: 1 | I40: 5 | J40: =IF(MAX(G40:I40)=0,"",MAX(G40:I40)) -> 5 | K40: 1 | L40: =IFERROR(J40*K40,"") -> 5 | M40: All laptop and desktop PCs function normally, and are prevented from overheating; as the cooling fans for each system is functioning properly. In addition, the office room temperature is adequately maintained, and suitable for office work. | N40: Selection of controls | O40: Operating Procedures for Information and Communication Technology (ISMS-14) | Q40: Implemented
D41: equipment failure | E41: sensitivity of equipment to voltage change | G41: 1 | H41: 1 | I41: 5 | J41: =IF(MAX(G41:I41)=0,"",MAX(G41:I41)) -> 5 | K41: 1 | L41: =IFERROR(J41*K41,"") -> 5 | M41: The electrical power circuits in the office are stable and suitable to support normal operations for office equipment. | N41: Risk acceptance | O41: Operating Procedures for Information and Communication Technology (ISMS-14) | Q41: Implemented
D42: fire | E42: location sensitive to natural disasters | F42: =IF($C42<>"",C42,"") | G42: 1 | H42: 1 | I42: 5 | J42: =IF(MAX(G42:I42)=0,"",MAX(G42:I42)) -> 5 | K42: 1 | L42: =IFERROR(J42*K42,"") -> 5 | M42: fire protection according to FSB requirements; fire extinguishers and hose reels are placed in selected areas. | N42: Risk acceptance | O42: Risk Assessment and Treatment Methodology (ISMS-02) | Q42: Annual review
D43: interruption of power supply | E43: sensitivity of equipment to voltage change | F43: =IF($C43<>"",C43,"") | G43: 1 | H43: 1 | I43: 5 | J43: =IF(MAX(G43:I43)=0,"",MAX(G43:I43)) -> 5 | K43: 1 | L43: =IFERROR(J43*K43,"") -> 5 | M43: Building electrical power supply system and sources are reliable. | N43: Risk acceptance | O43: Risk Assessment and Treatment Methodology (ISMS-02) | Q43: Annual review
D44: misuse of information systems | E44: inadequate level of knowledge and/or awareness of employees | F44: =IF($C44<>"",C44,"") | G44: 5 | H44: 1 | I44: 1 | J44: =IF(MAX(G44:I44)=0,"",MAX(G44:I44)) -> 5 | K44: 1 | L44: =IFERROR(J44*K44,"") -> 5 | M44: Adequate IS policy, procedures and controls are implemented – staff will be trained be made more aware of IS and cyberattacks. | N44: Selection of controls | O44: Information Security Policy (ISMS-01) | Q44: Implemented
D45: misuse of information systems | E45: inadequate supervision of external suppliers | F45: =IF($C45<>"",C45,"") | G45: 5 | H45: 5 | I45: 5 | J45: =IF(MAX(G45:I45)=0,"",MAX(G45:I45)) -> 5 | K45: 1 | L45: =IFERROR(J45*K45,"") -> 5 | M45: Adequate IS policy, procedures and controls are implemented. Only pre-authorised technicians, engineers and other staff will be granted access to sensitive areas. | N45: Selection of controls | O45: Supplier Security Policy (ISMS-08) | Q45: Implemented
D46: disclosure of passwords | E46: inadequate level of knowledge and/or awareness of employees | F46: =IF($C46<>"",C46,"") | G46: 5 | H46: 5 | I46: 1 | J46: =IF(MAX(G46:I46)=0,"",MAX(G46:I46)) -> 5 | K46: 1 | L46: =IFERROR(J46*K46,"") -> 5 | M46: Conduct appropriate IS training sessions to improve IS awareness and cultivate good IS practices. | N46: Selection of controls | O46: Information Security Policy (ISMS-01) | Q46: Implemented
D47: leakage/disclosure of information | E47: inadequate level of knowledge and/or awareness of employees | F47: =IF($C47<>"",C47,"") | G47: 5 | H47: 5 | I47: 1 | J47: =IF(MAX(G47:I47)=0,"",MAX(G47:I47)) -> 5 | K47: 1 | L47: =IFERROR(J47*K47,"") -> 5 | M47: Increase IS awareness and good pratices; like using standard zip tools with passwords to encrpyt confidential information and intellectual property transmitted file attachments in emails, and transmit passwords separately. | N47: Selection of controls | O47: Information Security Policy (ISMS-01) | Q47: Implemented
A48: 34 | B48: Laptop PCs (external) | C48: Events staff | D48: hacking or virus attack | E48: Confidential information will available to unauthorized persons. Integrity of confidential information and intellectual property may be compromised. | F48: PD | G48: 5 | H48: 5 | I48: 5 | J48: =IF(MAX(G48:I48)=0,"",MAX(G48:I48)) -> 5 | K48: 1 | L48: =IFERROR(J48*K48,"") -> 5 | M48: Anti-virus installed and regular updates for virus signatures and application upgrades. | N48: Selection of controls | O48: Determine and "plug" weaknesses via VAPT | P48: CEO | Q48: WIP | R48: 43445
D49: malicious code | E49: inadequate change control | F49: =IF($C49<>"",C49,"") | G49: 1 | H49: 1 | I49: 5 | J49: =IF(MAX(G49:I49)=0,"",MAX(G49:I49)) -> 5 | K49: 1 | L49: =IFERROR(J49*K49,"") -> 5 | M49: Windows, 3rd party application and registration application software updates are tested separately before the laptop PCs are deployed. | N49: Selection of controls | O49: Operating Procedures for Information and Communication Technology (ISMS-14) | Q49: Implemented
D50: equipment failure | E50: inadequate maintenance | F50: =IF($C50<>"",C50,"") | G50: 1 | H50: 1 | I50: 5 | J50: =IF(MAX(G50:I50)=0,"",MAX(G50:I50)) -> 5 | K50: 1 | L50: =IFERROR(J50*K50,"") -> 5 | M50: Regular maintenance on PCs. | N50: Selection of controls | O50: Operating Procedures for Information and Communication Technology (ISMS-14) | Q50: Implemented
D51: equipment failure | E51: location sensitive to water leakage | G51: 1 | H51: 1 | I51: 5 | J51: =IF(MAX(G51:I51)=0,"",MAX(G51:I51)) -> 5 | K51: 1 | L51: =IFERROR(J51*K51,"") -> 5 | M51: Workstations for laptops are not set up near or under any water pipes. | N51: Selection of controls | O51: Operating Procedures for Information and Communication Technology (ISMS-14) | Q51: Implemented
D52: equipment failure | E52: sensitivity of equipment to temperature | G52: 1 | H52: 1 | I52: 5 | J52: =IF(MAX(G52:I52)=0,"",MAX(G52:I52)) -> 5 | K52: 1 | L52: =IFERROR(J52*K52,"") -> 5 | M52: All laptop and desktop PCs function normally, and are prevented from overheating; as the cooling fans for each system is functioning properly. In addition, the office room temperature is adequately maintained, and suitable for office work. | N52: Selection of controls | O52: Operating Procedures for Information and Communication Technology (ISMS-14) | Q52: Implemented
D53: equipment failure | E53: sensitivity of equipment to voltage change | G53: 1 | H53: 1 | I53: 5 | J53: =IF(MAX(G53:I53)=0,"",MAX(G53:I53)) -> 5 | K53: 1 | L53: =IFERROR(J53*K53,"") -> 5 | M53: The electrical power circuit in the events registration area is stable and suitable to support normal operations for office equipment. | N53: Risk acceptance | O53: Operating Procedures for Information and Communication Technology (ISMS-14) | Q53: Implemented
D54: fire | E54: location sensitive to natural disasters | F54: =IF($C54<>"",C54,"") | G54: 1 | H54: 1 | I54: 5 | J54: =IF(MAX(G54:I54)=0,"",MAX(G54:I54)) -> 5 | K54: 1 | L54: =IFERROR(J54*K54,"") -> 5 | M54: fire protection according to FSB requirements; fire extinguishers and hose reels are placed in selected areas. | N54: Risk acceptance | O54: Risk Assessment and Treatment Methodology (ISMS-02) | Q54: Annual review
D55: interruption of power supply | E55: sensitivity of equipment to voltage change | F55: =IF($C55<>"",C55,"") | G55: 1 | H55: 1 | I55: 5 | J55: =IF(MAX(G55:I55)=0,"",MAX(G55:I55)) -> 5 | K55: 1 | L55: =IFERROR(J55*K55,"") -> 5 | M55: Building electrical power supply system and sources are reliable. | N55: Risk acceptance | O55: Risk Assessment and Treatment Methodology (ISMS-02) | Q55: Annual review
D56: misuse of information systems | E56: inadequate level of knowledge and/or awareness of employees | F56: =IF($C56<>"",C56,"") | G56: 5 | H56: 1 | I56: 1 | J56: =IF(MAX(G56:I56)=0,"",MAX(G56:I56)) -> 5 | K56: 1 | L56: =IFERROR(J56*K56,"") -> 5 | M56: Adequate IS policy, procedures and controls are implemented – staff will be trained be made more aware of IS and cyberattacks. | N56: Selection of controls | O56: Information Security Policy (ISMS-01) | Q56: Implemented
D57: misuse of information systems | E57: inadequate supervision of external suppliers | F57: =IF($C57<>"",C57,"") | G57: 5 | H57: 5 | I57: 5 | J57: =IF(MAX(G57:I57)=0,"",MAX(G57:I57)) -> 5 | K57: 1 | L57: =IFERROR(J57*K57,"") -> 5 | M57: Adequate IS policy, procedures and controls are implemented. Only pre-authorised technicians, engineers and other staff will be granted access to sensitive areas. | N57: Selection of controls | O57: Supplier Security Policy (ISMS-08) | Q57: Implemented
D58: disclosure of passwords | E58: inadequate level of knowledge and/or awareness of employees | F58: =IF($C58<>"",C58,"") | G58: 5 | H58: 5 | I58: 1 | J58: =IF(MAX(G58:I58)=0,"",MAX(G58:I58)) -> 5 | K58: 1 | L58: =IFERROR(J58*K58,"") -> 5 | M58: Conduct appropriate IS training sessions to improve IS awareness and cultivate good IS practices. | N58: Selection of controls | O58: Information Security Policy (ISMS-01) | Q58: Implemented
D59: leakage/disclosure of information | E59: inadequate level of knowledge and/or awareness of employees | F59: =IF($C59<>"",C59,"") | G59: 5 | H59: 5 | I59: 1 | J59: =IF(MAX(G59:I59)=0,"",MAX(G59:I59)) -> 5 | K59: 1 | L59: =IFERROR(J59*K59,"") -> 5 | M59: Increase IS awareness and good pratices; like using standard zip tools with passwords to encrpyt confidential information and intellectual property transmitted file attachments in emails, and transmit passwords separately. | N59: Selection of controls | O59: Information Security Policy (ISMS-01) | Q59: Implemented
A60: 5 | B60: Router-Firewall (OA) | C60: PD | D60: hacking or virus attack | E60: Confidential information will available to unauthorized persons. Integrity of confidential information and intellectual property may be compromised. | F60: PD | G60: 5 | H60: 5 | I60: 5 | J60: =IF(MAX(G60:I60)=0,"",MAX(G60:I60)) -> 5 | K60: 1 | L60: =IFERROR(J60*K60,"") -> 5 | M60: Anti-virus installed and regular updates for virus signatures and application upgrades. | N60: Selection of controls | O60: VAPT will be conducted to determine gaps, and identify actions to plug weaknesses | Q60: WIP | R60: 43445
D61: malicious code | E61: inadequate change control | F61: =IF($C61<>"",C61,"") | G61: 1 | H61: 1 | I61: 5 | J61: =IF(MAX(G61:I61)=0,"",MAX(G61:I61)) -> 5 | K61: 1 | L61: =IFERROR(J61*K61,"") -> 5 | M61: Firewall firmware updates and patches are tested separately at the vendor's test environment before they are installed. | N61: Selection of controls | O61: Operating Procedures for Information and Communication Technology (ISMS-14) | Q61: Implemented
D62: equipment failure | E62: inadequate maintenance | F62: =IF($C62<>"",C62,"") | G62: 1 | H62: 1 | I62: 5 | J62: =IF(MAX(G62:I62)=0,"",MAX(G62:I62)) -> 5 | K62: 1 | L62: =IFERROR(J62*K62,"") -> 5 | M62: Regular maintenance for firewall hardware and software. | N62: Selection of controls | O62: Operating Procedures for Information and Communication Technology (ISMS-14) | Q62: Implemented
D63: equipment failure | E63: location sensitive to water leakage | G63: 1 | H63: 1 | I63: 5 | J63: =IF(MAX(G63:I63)=0,"",MAX(G63:I63)) -> 5 | K63: 1 | L63: =IFERROR(J63*K63,"") -> 5 | M63: Firewall is not located near or under any water pipes. | N63: Selection of controls | O63: Operating Procedures for Information and Communication Technology (ISMS-14) | Q63: Implemented
D64: equipment failure | E64: sensitivity of equipment to temperature | G64: 1 | H64: 1 | I64: 5 | J64: =IF(MAX(G64:I64)=0,"",MAX(G64:I64)) -> 5 | K64: 1 | L64: =IFERROR(J64*K64,"") -> 5 | M64: Firewall is located in server rooms which have adequate air-conditioning units operating 24/7 daily. | N64: Selection of controls | O64: Operating Procedures for Information and Communication Technology (ISMS-14) | Q64: Implemented
D65: equipment failure | E65: sensitivity of equipment to voltage change | G65: 1 | H65: 1 | I65: 5 | J65: =IF(MAX(G65:I65)=0,"",MAX(G65:I65)) -> 5 | K65: 1 | L65: =IFERROR(J65*K65,"") -> 5 | M65: Power supply to racks are supplied by circuits with industially proven power stabilizers and controllers. | N65: Selection of controls | O65: Operating Procedures for Information and Communication Technology (ISMS-14) | Q65: Implemented
D66: fire | E66: location sensitive to natural disasters | F66: =IF($C66<>"",C66,"") | G66: 1 | H66: 1 | I66: 5 | J66: =IF(MAX(G66:I66)=0,"",MAX(G66:I66)) -> 5 | K66: 1 | L66: =IFERROR(J66*K66,"") -> 5 | M66: fire protection according to FSB requirements; fire extinguishers and hose reels are placed in selected areas. | N66: Risk acceptance | O66: Risk Assessment and Treatment Methodology (ISMS-02) | Q66: Annual review
D67: interruption of power supply | E67: sensitivity of equipment to voltage change | F67: =IF($C67<>"",C67,"") | G67: 1 | H67: 1 | I67: 5 | J67: =IF(MAX(G67:I67)=0,"",MAX(G67:I67)) -> 5 | K67: 1 | L67: =IFERROR(J67*K67,"") -> 5 | M67: Building electrical power supply system and sources are reliable. | N67: Risk acceptance | O67: Risk Assessment and Treatment Methodology (ISMS-02) | Q67: Annual review
D68: damage incurred during penetration testing | E68: inadequate network management | F68: =IF($C68<>"",C68,"") | G68: 1 | H68: 1 | I68: 5 | J68: =IF(MAX(G68:I68)=0,"",MAX(G68:I68)) -> 5 | K68: 1 | L68: =IFERROR(J68*K68,"") -> 5 | M68: Experienced and qualified cyber specialists are carefully selected and engaged to conduct this test. | N68: Selection of controls | O68: Establish plan before conducting VAPT | Q68: Approved
D69: malicious code | E69: inadequate change control | F69: =IF($C69<>"",C69,"") | G69: 1 | H69: 1 | I69: 5 | J69: =IF(MAX(G69:I69)=0,"",MAX(G69:I69)) -> 5 | K69: 1 | L69: =IFERROR(J69*K69,"") -> 5 | M69: Patches and updates for firwall are tested in the vendor's test lab before they are rolled out to Dodid. | N69: Selection of controls | O69: Operating Procedures for Information and Communication Technology (ISMS-14) | Q69: Implemented
D70: unauthorized network access | E70: inadequate supervision of external suppliers | F70: =IF($C70<>"",C70,"") | G70: 1 | H70: 1 | I70: 5 | J70: =IF(MAX(G70:I70)=0,"",MAX(G70:I70)) -> 5 | K70: 1 | L70: =IFERROR(J70*K70,"") -> 5 | M70: Vendor's engineers and technicians are carefully selected and pre-authorised to work on the firewall. | N70: Selection of controls | O70: Supplier Security Policy (ISMS-08) | Q70: Implemented
F71: =IF($C71<>"",C71,"") | J71: =IF(MAX(G71:I71)=0,"",MAX(G71:I71)) | L71: =IFERROR(J71*K71,"")
A72: 6 | B72: Router-Firewall (external) | C72: PD | D72: hacking or virus attack | E72: Confidential information will available to unauthorized persons. Integrity of confidential information and intellectual property may be compromised. | F72: PD | G72: 5 | H72: 5 | I72: 5 | J72: =IF(MAX(G72:I72)=0,"",MAX(G72:I72)) -> 5 | K72: 1 | L72: =IFERROR(J72*K72,"") -> 5 | M72: Anti-virus installed and regular updates for virus signatures and application upgrades. | N72: Selection of controls | O72: VAPT will be conducted to determine gaps, and identify actions to plug weaknesses | Q72: WIP | R72: 43445
D73: malicious code | E73: inadequate change control | F73: =IF($C73<>"",C73,"") | G73: 1 | H73: 1 | I73: 5 | J73: =IF(MAX(G73:I73)=0,"",MAX(G73:I73)) -> 5 | K73: 1 | L73: =IFERROR(J73*K73,"") -> 5 | M73: Firmware updates and patches are tested separately at the vendor's test environment before they are installed. | N73: Selection of controls | O73: Operating Procedures for Information and Communication Technology (ISMS-14) | Q73: Implemented
D74: equipment failure | E74: inadequate maintenance | F74: =IF($C74<>"",C74,"") | G74: 1 | H74: 1 | I74: 5 | J74: =IF(MAX(G74:I74)=0,"",MAX(G74:I74)) -> 5 | K74: 1 | L74: =IFERROR(J74*K74,"") -> 5 | M74: Regular maintenance for device hardware and software. | N74: Selection of controls | O74: Operating Procedures for Information and Communication Technology (ISMS-14) | Q74: Implemented
D75: equipment failure | E75: location sensitive to water leakage | G75: 1 | H75: 1 | I75: 5 | J75: =IF(MAX(G75:I75)=0,"",MAX(G75:I75)) -> 5 | K75: 1 | L75: =IFERROR(J75*K75,"") -> 5 | M75: Device is not located near or under any water pipes. | N75: Selection of controls | O75: Operating Procedures for Information and Communication Technology (ISMS-14) | Q75: Implemented
D76: equipment failure | E76: sensitivity of equipment to temperature | G76: 1 | H76: 1 | I76: 5 | J76: =IF(MAX(G76:I76)=0,"",MAX(G76:I76)) -> 5 | K76: 1 | L76: =IFERROR(J76*K76,"") -> 5 | M76: Device is located in server rooms which have adequate air-conditioning units operating 24/7 daily. | N76: Selection of controls | O76: Operating Procedures for Information and Communication Technology (ISMS-14) | Q76: Implemented
D77: equipment failure | E77: sensitivity of equipment to voltage change | G77: 1 | H77: 1 | I77: 5 | J77: =IF(MAX(G77:I77)=0,"",MAX(G77:I77)) -> 5 | K77: 1 | L77: =IFERROR(J77*K77,"") -> 5 | M77: Power supply to racks are supplied by circuits with industially proven power stabilizers and controllers. | N77: Selection of controls | O77: Operating Procedures for Information and Communication Technology (ISMS-14) | Q77: Implemented
D78: fire | E78: location sensitive to natural disasters | F78: =IF($C78<>"",C78,"") | G78: 1 | H78: 1 | I78: 5 | J78: =IF(MAX(G78:I78)=0,"",MAX(G78:I78)) -> 5 | K78: 1 | L78: =IFERROR(J78*K78,"") -> 5 | M78: fire protection according to FSB requirements; fire extinguishers and hose reels are placed in selected areas. | N78: Risk acceptance | O78: Risk Assessment and Treatment Methodology (ISMS-02) | Q78: Annual review
D79: interruption of power supply | E79: sensitivity of equipment to voltage change | F79: =IF($C79<>"",C79,"") | G79: 1 | H79: 1 | I79: 5 | J79: =IF(MAX(G79:I79)=0,"",MAX(G79:I79)) -> 5 | K79: 1 | L79: =IFERROR(J79*K79,"") -> 5 | M79: Building electrical power supply system and sources are reliable. | N79: Risk acceptance | O79: Risk Assessment and Treatment Methodology (ISMS-02) | Q79: Annual review
D80: damage incurred during penetration testing | E80: inadequate network management | F80: =IF($C80<>"",C80,"") | G80: 1 | H80: 1 | I80: 5 | J80: =IF(MAX(G80:I80)=0,"",MAX(G80:I80)) -> 5 | K80: 1 | L80: =IFERROR(J80*K80,"") -> 5 | M80: Experienced and qualified cyber specialists are carefully selected and engaged to conduct this test. | N80: Selection of controls | O80: VAPT plan needs to be approved before test is conducted | P80: CEO | Q80: Approved | R80: 43445
D81: malicious code | E81: inadequate change control | F81: =IF($C81<>"",C81,"") | G81: 1 | H81: 1 | I81: 5 | J81: =IF(MAX(G81:I81)=0,"",MAX(G81:I81)) -> 5 | K81: 1 | L81: =IFERROR(J81*K81,"") -> 5 | M81: Patches and updates for firwall are tested in the vendor's test lab before they are rolled out to Dodid. | N81: Selection of controls | O81: Secure Development Policy (ISMS-07) | Q81: Implemented
D82: unauthorized network access | E82: inadequate supervision of external suppliers | F82: =IF($C82<>"",C82,"") | G82: 1 | H82: 1 | I82: 5 | J82: =IF(MAX(G82:I82)=0,"",MAX(G82:I82)) -> 5 | K82: 1 | L82: =IFERROR(J82*K82,"") -> 5 | M82: Vendor's engineers and technicians are carefully selected and pre-authorised to work in sensitive areas. | N82: Selection of controls | O82: Supplier Security Policy (ISMS-08) | Q82: Implemented
F83: =IF($C83<>"",C83,"") | J83: =IF(MAX(G83:I83)=0,"",MAX(G83:I83)) | L83: =IFERROR(J83*K83,"")
A84: 7 | B84: NAS (OA) | C84: PD | D84: hacking or virus attack | E84: Confidential information will available to unauthorized persons. Integrity of confidential information and intellectual property may be compromised. | F84: PD | G84: 5 | H84: 5 | I84: 5 | J84: =IF(MAX(G84:I84)=0,"",MAX(G84:I84)) -> 5 | K84: 1 | L84: =IFERROR(J84*K84,"") -> 5 | M84: Anti-virus installed and regular updates for virus signatures and application upgrades. | N84: Selection of controls | O84: VAPT will be conducted to determine gaps, and identify actions to plug weaknesses | P84: CEO | Q84: WIP | R84: 43445
D85: malicious code | E85: inadequate change control | F85: =IF($C85<>"",C85,"") | G85: 1 | H85: 1 | I85: 5 | J85: =IF(MAX(G85:I85)=0,"",MAX(G85:I85)) -> 5 | K85: 1 | L85: =IFERROR(J85*K85,"") -> 5 | M85: Firmware updates and patches are tested separately at the vendor's test environment before they are installed. | N85: Selection of controls | O85: Secure Development Policy (ISMS-07) | Q85: Implemented
D86: equipment failure | E86: inadequate maintenance | F86: =IF($C86<>"",C86,"") | G86: 1 | H86: 1 | I86: 5 | J86: =IF(MAX(G86:I86)=0,"",MAX(G86:I86)) -> 5 | K86: 1 | L86: =IFERROR(J86*K86,"") -> 5 | M86: Regular maintenance for device hardware and software. | N86: Selection of controls | O86: Operating Procedures for Information and Communication Technology (ISMS-14) | Q86: Implemented
D87: equipment failure | E87: location sensitive to water leakage | G87: 1 | H87: 1 | I87: 5 | J87: =IF(MAX(G87:I87)=0,"",MAX(G87:I87)) -> 5 | K87: 1 | L87: =IFERROR(J87*K87,"") -> 5 | M87: Device is not located near or under any water pipes. | N87: Selection of controls | O87: Operating Procedures for Information and Communication Technology (ISMS-14) | Q87: Implemented
D88: equipment failure | E88: sensitivity of equipment to temperature | G88: 1 | H88: 1 | I88: 5 | J88: =IF(MAX(G88:I88)=0,"",MAX(G88:I88)) -> 5 | K88: 1 | L88: =IFERROR(J88*K88,"") -> 5 | M88: Firewall is located in server rooms which have adequate air-conditioning units operating 24/7 daily. | N88: Selection of controls | O88: Operating Procedures for Information and Communication Technology (ISMS-14) | Q88: Implemented
D89: equipment failure | E89: sensitivity of equipment to voltage change | G89: 1 | H89: 1 | I89: 5 | J89: =IF(MAX(G89:I89)=0,"",MAX(G89:I89)) -> 5 | K89: 1 | L89: =IFERROR(J89*K89,"") -> 5 | M89: Power supply to racks are supplied by circuits with industially proven power stabilizers and controllers. | N89: Selection of controls | O89: Operating Procedures for Information and Communication Technology (ISMS-14) | Q89: Implemented
D90: fire | E90: location sensitive to natural disasters | F90: =IF($C90<>"",C90,"") | G90: 1 | H90: 1 | I90: 5 | J90: =IF(MAX(G90:I90)=0,"",MAX(G90:I90)) -> 5 | K90: 1 | L90: =IFERROR(J90*K90,"") -> 5 | M90: fire protection according to FSB requirements; fire extinguishers and hose reels are placed in selected areas. | N90: Risk acceptance | O90: Risk Assessment and Treatment Methodology (ISMS-02) | Q90: Annual review
D91: interruption of power supply | E91: sensitivity of equipment to voltage change | F91: =IF($C91<>"",C91,"") | G91: 1 | H91: 1 | I91: 5 | J91: =IF(MAX(G91:I91)=0,"",MAX(G91:I91)) -> 5 | K91: 1 | L91: =IFERROR(J91*K91,"") -> 5 | M91: Building electrical power supply system and sources are reliable. | N91: Risk acceptance | O91: Risk Assessment and Treatment Methodology (ISMS-02) | Q91: Annual review
D92: damage incurred during penetration testing | E92: inadequate network management | F92: =IF($C92<>"",C92,"") | G92: 1 | H92: 1 | I92: 5 | J92: =IF(MAX(G92:I92)=0,"",MAX(G92:I92)) -> 5 | K92: 1 | L92: =IFERROR(J92*K92,"") -> 5 | M92: Experienced and qualified cyber specialists are carefully selected and engaged to conduct this test. | N92: Selection of controls | O92: VAPT plan needs to be approved before test is conducted | P92: CEO | Q92: WIP | R92: 43445
D93: malicious code | E93: inadequate change control | F93: =IF($C93<>"",C93,"") | G93: 1 | H93: 1 | I93: 5 | J93: =IF(MAX(G93:I93)=0,"",MAX(G93:I93)) -> 5 | K93: 1 | L93: =IFERROR(J93*K93,"") -> 5 | M93: Patches and updates for device are tested in the vendor's test lab before they are rolled out. | N93: Selection of controls | O93: Secure Development Policy (ISMS-07) | Q93: Implemented
D94: unauthorized network access | E94: inadequate supervision of external suppliers | F94: =IF($C94<>"",C94,"") | G94: 1 | H94: 1 | I94: 5 | J94: =IF(MAX(G94:I94)=0,"",MAX(G94:I94)) -> 5 | K94: 1 | L94: =IFERROR(J94*K94,"") -> 5 | M94: Vendor's engineers and technicians are carefully selected and pre-authorised to work in sensitive areas. | N94: Selection of controls | O94: Supplier Security Policy (ISMS-08) | Q94: Implemented
F95: =IF($C95<>"",C95,"") | J95: =IF(MAX(G95:I95)=0,"",MAX(G95:I95)) | L95: =IFERROR(J95*K95,"")
A96: 8 | B96: ACS-CCTV server | C96: HFM | D96: hacking or virus attack | E96: Confidential information will available to unauthorized persons. Integrity of confidential information and intellectual property may be compromised. | F96: FAM | G96: 5 | H96: 5 | I96: 5 | J96: =IF(MAX(G96:I96)=0,"",MAX(G96:I96)) -> 5 | K96: 1 | L96: =IFERROR(J96*K96,"") -> 5 | M96: Anti-virus installed and regular updates for virus signatures and application upgrades. | N96: Selection of controls | O96: Procedures for Working in Secure Areas (ISMS-12) | Q96: Implemented
D97: malicious code | E97: inadequate change control | F97: =IF($C97<>"",C97,"") | G97: 1 | H97: 1 | I97: 5 | J97: =IF(MAX(G97:I97)=0,"",MAX(G97:I97)) -> 5 | K97: 1 | L97: =IFERROR(J97*K97,"") -> 5 | M97: Firmware, system software and application updates and patches are tested separately at the vendor's test environment before they are installed in Dodid. | N97: Selection of controls | O97: Secure Development Policy (ISMS-07) | Q97: Implemented
D98: equipment failure | E98: inadequate maintenance | F98: =IF($C98<>"",C98,"") | G98: 1 | H98: 1 | I98: 5 | J98: =IF(MAX(G98:I98)=0,"",MAX(G98:I98)) -> 5 | K98: 1 | L98: =IFERROR(J98*K98,"") -> 5 | M98: Regular maintenance for firewall hardware and software. | N98: Selection of controls | O98: Operating Procedures for Information and Communication Technology (ISMS-14) | Q98: Implemented
D99: equipment failure | E99: location sensitive to water leakage | G99: 1 | H99: 1 | I99: 5 | J99: =IF(MAX(G99:I99)=0,"",MAX(G99:I99)) -> 5 | K99: 1 | L99: =IFERROR(J99*K99,"") -> 5 | M99: System is not located near or under any water pipes. | N99: Selection of controls | O99: Operating Procedures for Information and Communication Technology (ISMS-14) | Q99: Implemented
D100: equipment failure | E100: sensitivity of equipment to temperature | G100: 1 | H100: 1 | I100: 5 | J100: =IF(MAX(G100:I100)=0,"",MAX(G100:I100)) -> 5 | K100: 1 | L100: =IFERROR(J100*K100,"") -> 5 | M100: System is located in NER rooms which have adequate air-conditioning units operating 24/7 daily. | N100: Selection of controls | O100: Operating Procedures for Information and Communication Technology (ISMS-14) | Q100: Implemented
D101: equipment failure | E101: sensitivity of equipment to voltage change | G101: 1 | H101: 1 | I101: 5 | J101: =IF(MAX(G101:I101)=0,"",MAX(G101:I101)) -> 5 | K101: 1 | L101: =IFERROR(J101*K101,"") -> 5 | M101: Power supply to racks are supplied by circuits with industially proven power stabilizers and controllers. | N101: Selection of controls | O101: Operating Procedures for Information and Communication Technology (ISMS-14) | Q101: Implemented
D102: fire | E102: location sensitive to natural disasters | F102: =IF($C102<>"",C102,"") | G102: 1 | H102: 1 | I102: 5 | J102: =IF(MAX(G102:I102)=0,"",MAX(G102:I102)) -> 5 | K102: 1 | L102: =IFERROR(J102*K102,"") -> 5 | M102: fire protection according to FSB requirements; fire extinguishers and hose reels are placed in selected areas. | N102: Risk acceptance | O102: Risk Assessment and Treatment Methodology (ISMS-02) | Q102: Annual review
...

Sheet Applicability
A1: Clause Numbers | B1: Remarks
A2: 6.1.2 | B2: Information security risk assessment
A3: 6.1.3 | B3: Information security risk treatment

Sheet RA-RTP (2020)
A1: Risk Assessment | N1: Risk Treatment Plan
A2: No | B2: Asset name Asset type | C2: Asset owner | D2: Threat | E2: Vulnerability | F2: Risk owner | G2: Confiden-tiality | H2: Integrity | I2: Availability | J2: Impact Severity | K2: Likelihood | L2: Risk | M2: Existing controls | N2: Selection of options | O2: Implementation approach | P2: By Whom | Q2: Status | R2: Next Follow-up date
A3: 1 | B3: Email server (service) | C3: Staff | D3: hacking or virus attack | E3: Confidential information will available to unauthorized persons Email records or data may be modified (loss of data integrity) Email application service and database may be disrupted (unavailable) | F3: TL | G3: 5 | H3: 5 | I3: 5 | J3: =IF(MAX(G3:I3)=0,"",MAX(G3:I3)) -> 5 | K3: 1 | L3: =IFERROR(J3*K3,"") -> 5 | M3: Anti-virus installed and regular updates for virus signatures and application upgrades. | N3: Selection of controls | O3: Conduct VAPT; determine and close weaknesses (if any) | P3: PD | Q3: Monitor
D4: application errors | E4: inadequate change control | F4: =IF($C4<>"",C4,"") | G4: 1 | H4: 1 | I4: 5 | J4: =IF(MAX(G4:I4)=0,"",MAX(G4:I4)) -> 5 | K4: 1 | L4: =IFERROR(J4*K4,"") -> 5 | M4: Critical updates and patches are tested by the vendor; then they are applied to the email server. | N4: Selection of controls | O4: Secure Development Policy (ISMS-07) | Q4: Implemented
D5: equipment failure | E5: inadequate maintenance | F5: =IF($C5<>"",C5,"") | G5: 1 | H5: 1 | I5: 5 | J5: =IF(MAX(G5:I5)=0,"",MAX(G5:I5)) -> 5 | K5: 1 | L5: =IFERROR(J5*K5,"") -> 5 | M5: Regular maintenance on essential IT and technology equipment. Implement ICT DR server for email. | N5: Selection of controls | O5: Operating Procedures for Information and Communication Technology (ISMS-14) | Q5: Implemented
D6: equipment failure | E6: location sensitive to water leakage | G6: 1 | H6: 1 | I6: 5 | J6: =IF(MAX(G6:I6)=0,"",MAX(G6:I6)) -> 5 | K6: 1 | L6: =IFERROR(J6*K6,"") -> 5 | M6: Ensure server rooms do not have water pipes running through or near by the server room; except fire protection system that is approved for data centre operations. | N6: Selection of controls | O6: Operating Procedures for Information and Communication Technology (ISMS-14) | Q6: Implemented
D7: equipment failure | E7: sensitivity of equipment to temperature | G7: 1 | H7: 1 | I7: 5 | J7: =IF(MAX(G7:I7)=0,"",MAX(G7:I7)) -> 5 | K7: 1 | L7: =IFERROR(J7*K7,"") -> 5 | M7: Computer server rooms have adequate air-conditioning units operating 24/7 daily. | N7: Selection of controls | O7: Operating Procedures for Information and Communication Technology (ISMS-14) | Q7: Implemented
D8: equipment failure | E8: sensitivity of equipment to voltage change | G8: 1 | H8: 1 | I8: 5 | J8: =IF(MAX(G8:I8)=0,"",MAX(G8:I8)) -> 5 | K8: 1 | L8: =IFERROR(J8*K8,"") -> 5 | M8: Power supply to racks are supplied by circuits with power stabilizers and controllers that are suitable to support data centre electrical power systems. | N8: Selection of controls | O8: Operating Procedures for Information and Communication Technology (ISMS-14) | Q8: Implemented
D9: fire | E9: location sensitive to natural disasters | F9: =IF($C9<>"",C9,"") | G9: 1 | H9: 1 | I9: 5 | J9: =IF(MAX(G9:I9)=0,"",MAX(G9:I9)) -> 5 | K9: 1 | L9: =IFERROR(J9*K9,"") -> 5 | M9: Fire protection systems are implemented and maintained according to FSB requirements; including placement of fire extinguishers and hose reels in selected areas. Servers in the data centre are protected by gas and water fire suppression protection systems. | N9: Risk acceptance | O9: Risk Assessment and Treatment Methodology (ISMS-02) | Q9: Annual review
D10: interruption of power supply | E10: sensitivity of equipment to voltage change | F10: =IF($C10<>"",C10,"") | G10: 1 | H10: 1 | I10: 5 | J10: =IF(MAX(G10:I10)=0,"",MAX(G10:I10)) -> 5 | K10: 1 | L10: =IFERROR(J10*K10,"") -> 5 | M10: Building electrical power supply system and sources are reliable. Data centre also has backup generator and UPS systems to prevent blackouts. | N10: Risk acceptance | O10: Risk Assessment and Treatment Methodology (ISMS-02) | Q10: Annual review
D11: misuse of information systems | E11: inadequate level of knowledge and/or awareness of employees | F11: =IF($C11<>"",C11,"") | G11: 5 | H11: 1 | I11: 1 | J11: =IF(MAX(G11:I11)=0,"",MAX(G11:I11)) -> 5 | K11: 1 | L11: =IFERROR(J11*K11,"") -> 5 | M11: Adequate IS policy, procedures and controls are implemented – staff will be trained be made more aware of IS and cyberattacks. | N11: Selection of controls | O11: Information Security Policy (ISMS-01) | Q11: Implemented
D12: misuse of information systems | E12: inadequate supervision of external suppliers | F12: =IF($C12<>"",C12,"") | G12: 5 | H12: 5 | I12: 5 | J12: =IF(MAX(G12:I12)=0,"",MAX(G12:I12)) -> 5 | K12: 1 | L12: =IFERROR(J12*K12,"") -> 5 | M12: Adequate IS policy, procedures and controls are implemented. Only pre-authorised technicians, engineers and other staff will be granted access to sensitive areas. | N12: Selection of controls | O12: Supplier Security Policy (ISMS-08) | Q12: Implemented
D13: deterioration of media | E13: email records may be lost or corrupted | F13: =IF($C13<>"",C13,"") | G13: 1 | H13: 1 | I13: 5 | J13: =IF(MAX(G13:I13)=0,"",MAX(G13:I13)) -> 5 | K13: 1 | L13: =IFERROR(J13*K13,"") -> 5 | M13: Storage for email records use RAID. Users are required to save critical information and files in the department shared folders. | N13: Selection of controls | O13: Operating Procedures for Information and Communication Technology (ISMS-14) | Q13: Implemented
D14: information interception | E14: Confidential information will available to unauthorized persons. Email records or data may be modified (loss of data integrity). Information obtained may be used to commit fraud or crimes. Stolen intellectual property may be used against the company or disadvantage the company in business deals. | F14: =IF($C14<>"",C14,"") | G14: 5 | H14: 5 | I14: 1 | J14: =IF(MAX(G14:I14)=0,"",MAX(G14:I14)) -> 5 | K14: 1 | L14: =IFERROR(J14*K14,"") -> 5 | M14: Confidential information and intellectual property transmitted file attachments in emails will be encrypted using standard zip tools with passwords; which will be transmitted separately. | N14: Selection of controls | O14: Policy on the Use of Cryptographic Controls (ISMS-09) | Q14: Implemented
A16: 4 | B16: Computers | C16: Staff | D16: hacking or virus attack | E16: Confidential information will available to unauthorized persons. Integrity of confidential information and intellectual property may be compromised. | F16: PD | G16: 5 | H16: 5 | I16: 5 | J16: =IF(MAX(G16:I16)=0,"",MAX(G16:I16)) -> 5 | K16: 1 | L16: =IFERROR(J16*K16,"") -> 5 | M16: Anti-virus installed and regular updates for virus signatures and application upgrades. | N16: Selection of controls | O16: Determine and "plug" weaknesses via VAPT | P16: Staff | Q16: Monitor
D17: malicious code | E17: inadequate change control | F17: =IF($C17<>"",C17,"") | G17: 1 | H17: 1 | I17: 5 | J17: =IF(MAX(G17:I17)=0,"",MAX(G17:I17)) -> 5 | K17: 1 | L17: =IFERROR(J17*K17,"") -> 5 | M17: Application and system updates are tested separately before they are rolled out to staff. | N17: Selection of controls | O17: Operating Procedures for Information and Communication Technology (ISMS-14) | Q17: Implemented
D18: equipment failure | E18: inadequate maintenance | F18: =IF($C18<>"",C18,"") | G18: 1 | H18: 1 | I18: 5 | J18: =IF(MAX(G18:I18)=0,"",MAX(G18:I18)) -> 5 | K18: 1 | L18: =IFERROR(J18*K18,"") -> 5 | M18: Regular maintenance on PCs. | N18: Selection of controls | O18: Operating Procedures for Information and Communication Technology (ISMS-14) | Q18: Implemented
D19: equipment failure | E19: location sensitive to water leakage | G19: 1 | H19: 1 | I19: 5 | J19: =IF(MAX(G19:I19)=0,"",MAX(G19:I19)) -> 5 | K19: 1 | L19: =IFERROR(J19*K19,"") -> 5 | M19: Workstations for staff are not located near or under any water pipes. | N19: Selection of controls | O19: Operating Procedures for Information and Communication Technology (ISMS-14) | Q19: Implemented
D20: equipment failure | E20: sensitivity of equipment to temperature | G20: 1 | H20: 1 | I20: 5 | J20: =IF(MAX(G20:I20)=0,"",MAX(G20:I20)) -> 5 | K20: 1 | L20: =IFERROR(J20*K20,"") -> 5 | M20: All laptop and desktop PCs function normally, and are prevented from overheating; as the cooling fans for each system is functioning properly. In addition, the office room temperature is adequately maintained, and suitable for office work. | N20: Selection of controls | O20: Operating Procedures for Information and Communication Technology (ISMS-14) | Q20: Implemented
D21: equipment failure | E21: sensitivity of equipment to voltage change | G21: 1 | H21: 1 | I21: 5 | J21: =IF(MAX(G21:I21)=0,"",MAX(G21:I21)) -> 5 | K21: 1 | L21: =IFERROR(J21*K21,"") -> 5 | M21: The electrical power circuits in the office are stable and suitable to support normal operations for office equipment. | N21: Risk acceptance | O21: Operating Procedures for Information and Communication Technology (ISMS-14) | Q21: Implemented
D22: fire | E22: location sensitive to natural disasters | F22: =IF($C22<>"",C22,"") | G22: 1 | H22: 1 | I22: 5 | J22: =IF(MAX(G22:I22)=0,"",MAX(G22:I22)) -> 5 | K22: 1 | L22: =IFERROR(J22*K22,"") -> 5 | M22: fire protection according to FSB requirements; fire extinguishers and hose reels are placed in selected areas. | N22: Risk acceptance | O22: Risk Assessment and Treatment Methodology (ISMS-02) | Q22: Annual review
D23: interruption of power supply | E23: sensitivity of equipment to voltage change | F23: =IF($C23<>"",C23,"") | G23: 1 | H23: 1 | I23: 5 | J23: =IF(MAX(G23:I23)=0,"",MAX(G23:I23)) -> 5 | K23: 1 | L23: =IFERROR(J23*K23,"") -> 5 | M23: Building electrical power supply system and sources are reliable. | N23: Risk acceptance | O23: Risk Assessment and Treatment Methodology (ISMS-02) | Q23: Annual review
D24: misuse of information systems | E24: inadequate level of knowledge and/or awareness of employees | F24: =IF($C24<>"",C24,"") | G24: 5 | H24: 1 | I24: 1 | J24: =IF(MAX(G24:I24)=0,"",MAX(G24:I24)) -> 5 | K24: 1 | L24: =IFERROR(J24*K24,"") -> 5 | M24: Adequate IS policy, procedures and controls are implemented – staff will be trained be made more aware of IS and cyberattacks. | N24: Selection of controls | O24: Information Security Policy (ISMS-01) | Q24: Implemented
D25: misuse of information systems | E25: inadequate supervision of external suppliers | F25: =IF($C25<>"",C25,"") | G25: 5 | H25: 5 | I25: 5 | J25: =IF(MAX(G25:I25)=0,"",MAX(G25:I25)) -> 5 | K25: 1 | L25: =IFERROR(J25*K25,"") -> 5 | M25: Adequate IS policy, procedures and controls are implemented. Only pre-authorised technicians, engineers and other staff will be granted access to sensitive areas. | N25: Selection of controls | O25: Supplier Security Policy (ISMS-08) | Q25: Implemented
D26: disclosure of passwords | E26: inadequate level of knowledge and/or awareness of employees | F26: =IF($C26<>"",C26,"") | G26: 5 | H26: 5 | I26: 1 | J26: =IF(MAX(G26:I26)=0,"",MAX(G26:I26)) -> 5 | K26: 1 | L26: =IFERROR(J26*K26,"") -> 5 | M26: Conduct appropriate IS training sessions to improve IS awareness and cultivate good IS practices. | N26: Selection of controls | O26: Information Security Policy (ISMS-01) | Q26: Implemented
D27: leakage/disclosure of information | E27: inadequate level of knowledge and/or awareness of employees | F27: =IF($C27<>"",C27,"") | G27: 5 | H27: 5 | I27: 1 | J27: =IF(MAX(G27:I27)=0,"",MAX(G27:I27)) -> 5 | K27: 1 | L27: =IFERROR(J27*K27,"") -> 5 | M27: Increase IS awareness and good pratices; like using standard zip tools with passwords to encrpyt confidential information and intellectual property transmitted file attachments in emails, and transmit passwords separately. | N27: Selection of controls | O27: Information Security Policy (ISMS-01) | Q27: Implemented
A28: 6 | B28: Router-Firewall (OA) | C28: PD | D28: hacking or virus attack | E28: Confidential information will available to unauthorized persons. Integrity of confidential information and intellectual property may be compromised. | F28: PD | G28: 5 | H28: 5 | I28: 5 | J28: =IF(MAX(G28:I28)=0,"",MAX(G28:I28)) -> 5 | K28: 1 | L28: =IFERROR(J28*K28,"") -> 5 | M28: Anti-virus installed and regular updates for virus signatures and application upgrades. | N28: Selection of controls | O28: VAPT will be conducted to determine gaps, and identify actions to plug weaknesses | P28: PD | Q28: Monitor
D29: malicious code | E29: inadequate change control | F29: =IF($C29<>"",C29,"") | G29: 1 | H29: 1 | I29: 5 | J29: =IF(MAX(G29:I29)=0,"",MAX(G29:I29)) -> 5 | K29: 1 | L29: =IFERROR(J29*K29,"") -> 5 | M29: Firewall firmware updates and patches are tested separately at the vendor's test environment before they are installed. | N29: Selection of controls | O29: Operating Procedures for Information and Communication Technology (ISMS-14) | Q29: Implemented
D30: equipment failure | E30: inadequate maintenance | F30: =IF($C30<>"",C30,"") | G30: 1 | H30: 1 | I30: 5 | J30: =IF(MAX(G30:I30)=0,"",MAX(G30:I30)) -> 5 | K30: 1 | L30: =IFERROR(J30*K30,"") -> 5 | M30: Regular maintenance for firewall hardware and software. | N30: Selection of controls | O30: Operating Procedures for Information and Communication Technology (ISMS-14) | Q30: Implemented
D31: equipment failure | E31: location sensitive to water leakage | G31: 1 | H31: 1 | I31: 5 | J31: =IF(MAX(G31:I31)=0,"",MAX(G31:I31)) -> 5 | K31: 1 | L31: =IFERROR(J31*K31,"") -> 5 | M31: Firewall is not located near or under any water pipes. | N31: Selection of controls | O31: Operating Procedures for Information and Communication Technology (ISMS-14) | Q31: Implemented
D32: equipment failure | E32: sensitivity of equipment to temperature | G32: 1 | H32: 1 | I32: 5 | J32: =IF(MAX(G32:I32)=0,"",MAX(G32:I32)) -> 5 | K32: 1 | L32: =IFERROR(J32*K32,"") -> 5 | M32: Firewall is located in server rooms which have adequate air-conditioning units operating 24/7 daily. | N32: Selection of controls | O32: Operating Procedures for Information and Communication Technology (ISMS-14) | Q32: Implemented
D33: equipment failure | E33: sensitivity of equipment to voltage change | G33: 1 | H33: 1 | I33: 5 | J33: =IF(MAX(G33:I33)=0,"",MAX(G33:I33)) -> 5 | K33: 1 | L33: =IFERROR(J33*K33,"") -> 5 | M33: Power supply to racks are supplied by circuits with industially proven power stabilizers and controllers. | N33: Selection of controls | O33: Operating Procedures for Information and Communication Technology (ISMS-14) | Q33: Implemented
D34: fire | E34: location sensitive to natural disasters | F34: =IF($C34<>"",C34,"") | G34: 1 | H34: 1 | I34: 5 | J34: =IF(MAX(G34:I34)=0,"",MAX(G34:I34)) -> 5 | K34: 1 | L34: =IFERROR(J34*K34,"") -> 5 | M34: fire protection according to FSB requirements; fire extinguishers and hose reels are placed in selected areas. | N34: Risk acceptance | O34: Risk Assessment and Treatment Methodology (ISMS-02) | Q34: Annual review
D35: interruption of power supply | E35: sensitivity of equipment to voltage change | F35: =IF($C35<>"",C35,"") | G35: 1 | H35: 1 | I35: 5 | J35: =IF(MAX(G35:I35)=0,"",MAX(G35:I35)) -> 5 | K35: 1 | L35: =IFERROR(J35*K35,"") -> 5 | M35: Building electrical power supply system and sources are reliable. | N35: Risk acceptance | O35: Risk Assessment and Treatment Methodology (ISMS-02) | Q35: Annual review
D36: damage incurred during penetration testing | E36: inadequate network management | F36: =IF($C36<>"",C36,"") | G36: 1 | H36: 1 | I36: 5 | J36: =IF(MAX(G36:I36)=0,"",MAX(G36:I36)) -> 5 | K36: 1 | L36: =IFERROR(J36*K36,"") -> 5 | M36: Experienced and qualified cyber specialists are carefully selected and engaged to conduct this test. | N36: Selection of controls | O36: Establish plan before conducting VAPT | Q36: Approved
D37: malicious code | E37: inadequate change control | F37: =IF($C37<>"",C37,"") | G37: 1 | H37: 1 | I37: 5 | J37: =IF(MAX(G37:I37)=0,"",MAX(G37:I37)) -> 5 | K37: 1 | L37: =IFERROR(J37*K37,"") -> 5 | M37: Patches and updates for firwall are tested in the vendor's test lab before they are rolled out. | N37: Selection of controls | O37: Operating Procedures for Information and Communication Technology (ISMS-14) | Q37: Implemented
D38: unauthorized network access | E38: inadequate supervision of external suppliers | F38: =IF($C38<>"",C38,"") | G38: 1 | H38: 1 | I38: 5 | J38: =IF(MAX(G38:I38)=0,"",MAX(G38:I38)) -> 5 | K38: 1 | L38: =IFERROR(J38*K38,"") -> 5 | M38: Vendor's engineers and technicians are carefully selected and pre-authorised to work on the firewall. | N38: Selection of controls | O38: Supplier Security Policy (ISMS-08) | Q38: Implemented
F39: =IF($C39<>"",C39,"") | J39: =IF(MAX(G39:I39)=0,"",MAX(G39:I39)) | L39: =IFERROR(J39*K39,"")
A40: 8 | B40: Cloud storage | C40: PD | D40: hacking or virus attack | E40: Confidential information will available to unauthorized persons. Integrity of confidential information and intellectual property may be compromised. | F40: PD | G40: 5 | H40: 5 | I40: 5 | J40: =IF(MAX(G40:I40)=0,"",MAX(G40:I40)) -> 5 | K40: 1 | L40: =IFERROR(J40*K40,"") -> 5 | M40: Anti-virus installed and regular updates for virus signatures and application upgrades. | N40: Selection of controls | O40: VAPT will be conducted to determine gaps, and identify actions to plug weaknesses | P40: PD | Q40: Monitor
D41: malicious code | E41: inadequate change control | F41: =IF($C41<>"",C41,"") | G41: 1 | H41: 1 | I41: 5 | J41: =IF(MAX(G41:I41)=0,"",MAX(G41:I41)) -> 5 | K41: 1 | L41: =IFERROR(J41*K41,"") -> 5 | M41: Firmware updates and patches are tested separately at the vendor's test environment before they are installed. | N41: Selection of controls | O41: Secure Development Policy (ISMS-07) | Q41: Implemented
D42: equipment failure | E42: inadequate maintenance | F42: =IF($C42<>"",C42,"") | G42: 1 | H42: 1 | I42: 5 | J42: =IF(MAX(G42:I42)=0,"",MAX(G42:I42)) -> 5 | K42: 1 | L42: =IFERROR(J42*K42,"") -> 5 | M42: Regular maintenance for device hardware and software. | N42: Selection of controls | O42: Operating Procedures for Information and Communication Technology (ISMS-14) | Q42: Implemented
D43: equipment failure | E43: location sensitive to water leakage | G43: 1 | H43: 1 | I43: 5 | J43: =IF(MAX(G43:I43)=0,"",MAX(G43:I43)) -> 5 | K43: 1 | L43: =IFERROR(J43*K43,"") -> 5 | M43: Device is not located near or under any water pipes. | N43: Selection of controls | O43: Operating Procedures for Information and Communication Technology (ISMS-14) | Q43: Implemented
D44: equipment failure | E44: sensitivity of equipment to temperature | G44: 1 | H44: 1 | I44: 5 | J44: =IF(MAX(G44:I44)=0,"",MAX(G44:I44)) -> 5 | K44: 1 | L44: =IFERROR(J44*K44,"") -> 5 | M44: Firewall is located in server rooms which have adequate air-conditioning units operating 24/7 daily. | N44: Selection of controls | O44: Operating Procedures for Information and Communication Technology (ISMS-14) | Q44: Implemented
D45: equipment failure | E45: sensitivity of equipment to voltage change | G45: 1 | H45: 1 | I45: 5 | J45: =IF(MAX(G45:I45)=0,"",MAX(G45:I45)) -> 5 | K45: 1 | L45: =IFERROR(J45*K45,"") -> 5 | M45: Power supply to racks are supplied by circuits with industially proven power stabilizers and controllers. | N45: Selection of controls | O45: Operating Procedures for Information and Communication Technology (ISMS-14) | Q45: Implemented
D46: fire | E46: location sensitive to natural disasters | F46: =IF($C46<>"",C46,"") | G46: 1 | H46: 1 | I46: 5 | J46: =IF(MAX(G46:I46)=0,"",MAX(G46:I46)) -> 5 | K46: 1 | L46: =IFERROR(J46*K46,"") -> 5 | M46: fire protection according to FSB requirements; fire extinguishers and hose reels are placed in selected areas. | N46: Risk acceptance | O46: Risk Assessment and Treatment Methodology (ISMS-02) | Q46: Annual review
D47: interruption of power supply | E47: sensitivity of equipment to voltage change | F47: =IF($C47<>"",C47,"") | G47: 1 | H47: 1 | I47: 5 | J47: =IF(MAX(G47:I47)=0,"",MAX(G47:I47)) -> 5 | K47: 1 | L47: =IFERROR(J47*K47,"") -> 5 | M47: Building electrical power supply system and sources are reliable. | N47: Risk acceptance | O47: Risk Assessment and Treatment Methodology (ISMS-02) | Q47: Annual review
D48: damage incurred during penetration testing | E48: inadequate network management | F48: =IF($C48<>"",C48,"") | G48: 1 | H48: 1 | I48: 5 | J48: =IF(MAX(G48:I48)=0,"",MAX(G48:I48)) -> 5 | K48: 1 | L48: =IFERROR(J48*K48,"") -> 5 | M48: Experienced and qualified cyber specialists are carefully selected and engaged to conduct this test. | N48: Selection of controls | O48: VAPT plan needs to be approved before test is conducted | P48: CEO | Q48: WIP | R48: 43445
D49: malicious code | E49: inadequate change control | F49: =IF($C49<>"",C49,"") | G49: 1 | H49: 1 | I49: 5 | J49: =IF(MAX(G49:I49)=0,"",MAX(G49:I49)) -> 5 | K49: 1 | L49: =IFERROR(J49*K49,"") -> 5 | M49: Patches and updates for device are tested in the vendor's test lab before they are rolled out. | N49: Selection of controls | O49: Secure Development Policy (ISMS-07) | Q49: Implemented
D50: unauthorized network access | E50: inadequate supervision of external suppliers | F50: =IF($C50<>"",C50,"") | G50: 1 | H50: 1 | I50: 5 | J50: =IF(MAX(G50:I50)=0,"",MAX(G50:I50)) -> 5 | K50: 1 | L50: =IFERROR(J50*K50,"") -> 5 | M50: Vendor's engineers and technicians are carefully selected and pre-authorised to work in sensitive areas. | N50: Selection of controls | O50: Supplier Security Policy (ISMS-08) | Q50: Implemented
F51: =IF($C51<>"",C51,"") | J51: =IF(MAX(G51:I51)=0,"",MAX(G51:I51)) | L51: =IFERROR(J51*K51,"")
A52: 9 | B52: Employees' records | C52: Staff | D52: accidental change of information system data | E52: inadequate supervision of the work of employees | F52: Staff | G52: 1 | H52: 5 | I52: 5 | J52: =IF(MAX(G52:I52)=0,"",MAX(G52:I52)) -> 5 | K52: 1 | L52: =IFERROR(J52*K52,"") -> 5 | M52: Employee on-boarding training and briefing. Requirement for confidential and important documents and files to be stored properly. Clean desk policies are enforced. | N52: Selection of controls | O52: HR employee policy and guidelines | Q52: Implemented
D53: unauthorized access to the information system | E53: Sensitive and configuration data may be illegally accessed, stolen or deleted | F53: =IF($C53<>"",C53,"") | G53: 5 | H53: 1 | I53: 1 | J53: =IF(MAX(G53:I53)=0,"",MAX(G53:I53)) -> 5 | K53: 1 | L53: =IFERROR(J53*K53,"") -> 5 | M53: Physical access is granted based on an as needed least privileged access rights. Visitors are required to register via the EVMS, and only authorized visitors will be granted access. Security officers will issue appropriate passes after a security check. | N53: Selection of controls | O53: Information Security Policy (ISMS-01) | Q53: Implemented
D54: hacking or virus attack | E54: inadequate supervision of the work of employees | F54: =IF($C54<>"",C54,"") | G54: 1 | H54: 5 | I54: 1 | J54: =IF(MAX(G54:I54)=0,"",MAX(G54:I54)) -> 5 | K54: 1 | L54: =IFERROR(J54*K54,"") -> 5 | M54: All important information, documents and application forms will be reviewed and approved by management | N54: Selection of controls | O54: Information Security Policy (ISMS-01) | Q54: Implemented
D55: Mishandling of critical and/or sensitive information by authorized users | E55: inadequate supervision of the work of employees | F55: =IF($C55<>"",C55,"") | G55: 5 | H55: 3 | I55: 1 | J55: =IF(MAX(G55:I55)=0,"",MAX(G55:I55)) -> 5 | K55: 1 | L55: =IFERROR(J55*K55,"") -> 5 | M55: Vendor's engineers and technicians are carefully selected and pre-authorised to work in sensitive areas. | N55: Selection of controls | O55: Information Security Policy (ISMS-01) | Q55: Implemented
A56: 11 | B56: Other software applications | C56: CEO | D56: application errors | E56: inadequate change control | F56: CEO | G56: 5 | H56: 5 | I56: 5 | J56: =IF(MAX(G56:I56)=0,"",MAX(G56:I56)) -> 5 | K56: 1 | L56: =IFERROR(J56*K56,"") -> 5 | M56: New and update versions of software will be tested before "go-live" | N56: Selection of controls | O56: Operating Procedures for Information and Communication Technology (ISMS-14) | Q56: Implemented
D57: unauthorized installation of software | E57: inadequate supervision of the work of employees | F57: =IF($C57<>"",C57,"") | G57: 5 | H57: 1 | I57: 1 | J57: =IF(MAX(G57:I57)=0,"",MAX(G57:I57)) -> 5 | K57: 1 | L57: =IFERROR(J57*K57,"") -> 5 | M57: Only software approved by management for official use will be installed in the relevant PCs and laptops | N57: Selection of controls | O57: Information Security Policy (ISMS-01) | Q57: Implemented
D58: hacking or virus attack | E58: information available to unauthorized persons | F58: =IF($C58<>"",C58,"") | G58: 5 | H58: 5 | I58: 5 | J58: =IF(MAX(G58:I58)=0,"",MAX(G58:I58)) -> 5 | K58: 1 | L58: =IFERROR(J58*K58,"") -> 5 | M58: Access rights to operating system, network and software applications are granted based on least privileged access rights. Servers and PCs are protected by antivirus and antimalware software. | N58: Selection of controls | O58: Information Security Policy (ISMS-01) | Q58: Implemented
D59: malicious code | E59: inadequate supervision of external suppliers | F59: =IF($C59<>"",C59,"") | G59: 5 | H59: 3 | I59: 1 | J59: =IF(MAX(G59:I59)=0,"",MAX(G59:I59)) -> 5 | K59: 1 | L59: =IFERROR(J59*K59,"") -> 5 | M59: Vendor's engineers and technicians are carefully selected and pre-authorised to work in sensitive areas. Installation of new and upgrade software will be pre-authorized and supervised. | N59: Selection of controls | O59: Operating Procedures for Information and Communication Technology (ISMS-14) | Q59: Implemented
A60: 11 | B60: Mobile applications | C60: CEO | D60: application errors | E60: inadequate change control | F60: CEO | G60: 5 | H60: 5 | I60: 5 | J60: =IF(MAX(G60:I60)=0,"",MAX(G60:I60)) -> 5 | K60: 1 | L60: =IFERROR(J60*K60,"") -> 5 | M60: New and update versions of software will be tested before "go-live" | N60: Selection of controls | O60: Operating Procedures for Information and Communication Technology (ISMS-14) | Q60: Implemented
D61: unauthorized installation of software | E61: inadequate supervision of the work of employees | F61: =IF($C61<>"",C61,"") | G61: 5 | H61: 1 | I61: 1 | J61: =IF(MAX(G61:I61)=0,"",MAX(G61:I61)) -> 5 | K61: 1 | L61: =IFERROR(J61*K61,"") -> 5 | M61: Only software approved by management for official use will be installed in the relevant PCs and laptops | N61: Selection of controls | O61: Information Security Policy (ISMS-01) | Q61: Implemented
D62: hacking or virus attack | E62: information available to unauthorized persons | F62: =IF($C62<>"",C62,"") | G62: 5 | H62: 5 | I62: 5 | J62: =IF(MAX(G62:I62)=0,"",MAX(G62:I62)) -> 5 | K62: 1 | L62: =IFERROR(J62*K62,"") -> 5 | M62: Access rights to operating system, network and software applications are granted based on least privileged access rights. Servers and PCs are protected by antivirus and antimalware software. | N62: Selection of controls | O62: Information Security Policy (ISMS-01) | Q62: Implemented
D63: malicious code | E63: inadequate supervision of external suppliers | F63: =IF($C63<>"",C63,"") | G63: 5 | H63: 3 | I63: 1 | J63: =IF(MAX(G63:I63)=0,"",MAX(G63:I63)) -> 5 | K63: 1 | L63: =IFERROR(J63*K63,"") -> 5 | M63: Vendor's engineers and technicians are carefully selected and pre-authorised to work in sensitive areas. Installation of new and upgrade software will be pre-authorized and supervised. | N63: Selection of controls | O63: Operating Procedures for Information and Communication Technology (ISMS-14) | Q63: Implemented
A64: 12 | B64: Database files and records | C64: PD | D64: user error | E64: inadequate supervision of the work of employees | F64: PD | G64: 1 | H64: 5 | I64: 5 | J64: =IF(MAX(G64:I64)=0,"",MAX(G64:I64)) -> 5 | K64: 1 | L64: =IFERROR(J64*K64,"") -> 5 | M64: Only officially approved software will be installed and used. Use standard tools like MS Office. Staff who use specialized software (e.g. accounting and ACAD) will be familiarized with the package. | N64: Selection of controls | O64: Operating Procedures for Information and Communication Technology (ISMS-14) | Q64: Implemented
D65: Incorrect privilege settings | E65: information available to unauthorized persons | F65: =IF($C65<>"",C65,"") | G65: 5 | H65: 1 | I65: 1 | J65: =IF(MAX(G65:I65)=0,"",MAX(G65:I65)) -> 5 | K65: 1 | L65: =IFERROR(J65*K65,"") -> 5 | M65: Access to critical files, shared directory and databases are granted based on least privileged access rights. | N65: Selection of controls | O65: Information Security Policy (ISMS-01) | Q65: Implemented
D66: hacking or virus attack | E66: information available to unauthorized persons | F66: =IF($C66<>"",C66,"") | G66: 5 | H66: 5 | I66: 5 | J66: =IF(MAX(G66:I66)=0,"",MAX(G66:I66)) -> 5 | K66: 1 | L66: =IFERROR(J66*K66,"") -> 5 | M66: Critical files, shared directories and databases are protected by access rights granted on a least privileged use basis, and encrypted (e.g. password protected), whenever appropriate. | N66: Selection of controls | O66: Information Security Policy (ISMS-01) | Q66: Implemented
D67: unauthorized change of records | E67: inadequate supervision of the work of employees | F67: =IF($C67<>"",C67,"") | G67: 1 | H67: 5 | I67: 5 | J67: =IF(MAX(G67:I67)=0,"",MAX(G67:I67)) -> 5 | K67: 1 | L67: =IFERROR(J67*K67,"") -> 5 | M67: All staff are trained and brief the proper use of computer and internet. | N67: Selection of controls | O67: Operating Procedures for Information and Communication Technology (ISMS-14) | Q67: Implemented
A68: 13 | B68: Web hosting service | C68: PD | D68: hacking or virus attack | E68: Sensitive information about the business will be available to unauthorized persons. Customer and transaction records and data may be lost or leaked. Hackers may seize control of the server system or data records, and use it to commit computer fraud or crime. The system configuration and database may also be damaged or destroyed (loss). | F68: PD | G68: 5 | H68: 5 | I68: 5 | J68: =IF(MAX(G68:I68)=0,"",MAX(G68:I68)) -> 5 | K68: 1 | L68: =IFERROR(J68*K68,"") -> 5 | M68: Anti-virus installed and regular updates for virus signatures and application upgrades. PCs are connected via a dedicated OA network. Users working externally will connect using VPN and https services. Users and administrators (including service provider support staff) access are granted based on least privileged use policy and procedures. | N68: Selection of controls | O68: Procedures for Working in Secure Areas (ISMS-12) | P68: ASP | Q68: Implemented
D69: equipment failure | E69: inadequate maintenance | F69: =IF($C69<>"",C69,"") | G69: 1 | H69: 1 | I69: 5 | J69: =IF(MAX(G69:I69)=0,"",MAX(G69:I69)) -> 5 | K69: 1 | L69: =IFERROR(J69*K69,"") -> 5 | M69: Regular maintenance is carried out on the server hardware and operating system. | N69: Selection of controls | O69: Operating Procedures for Information and Communication Technology (ISMS-14) | Q69: Implemented
D70: equipment failure | E70: location sensitive to water leakage | G70: 1 | H70: 1 | I70: 5 | J70: =IF(MAX(G70:I70)=0,"",MAX(G70:I70)) -> 5 | K70: 1 | L70: =IFERROR(J70*K70,"") -> 5 | M70: Server is located in a secure third party data centre; i.e. no piping inside or around the area. | N70: Selection of controls | O70: Operating Procedures for Information and Communication Technology (ISMS-14) | Q70: Implemented
D71: equipment failure | E71: sensitivity of equipment to temperature | G71: 1 | H71: 1 | I71: 5 | J71: =IF(MAX(G71:I71)=0,"",MAX(G71:I71)) -> 5 | K71: 1 | L71: =IFERROR(J71*K71,"") -> 5 | M71: Adequate air-conditioning units operates 24/7 daily to provide optimum operating temperatures. | N71: Selection of controls | O71: Operating Procedures for Information and Communication Technology (ISMS-14) | Q71: Implemented
D72: equipment failure | E72: sensitivity of equipment to voltage change | G72: 1 | H72: 1 | I72: 5 | J72: =IF(MAX(G72:I72)=0,"",MAX(G72:I72)) -> 5 | K72: 1 | L72: =IFERROR(J72*K72,"") -> 5 | M72: Power supply to racks are supplied by circuits with appropriate power stabilizers and controllers; that are suitable for use in data centre electrical power supply systems. | N72: Selection of controls | O72: Operating Procedures for Information and Communication Technology (ISMS-14) | Q72: Implemented
D73: fire | E73: location sensitive to natural disasters | F73: =IF($C73<>"",C73,"") | G73: 1 | H73: 1 | I73: 5 | J73: =IF(MAX(G73:I73)=0,"",MAX(G73:I73)) -> 5 | K73: 1 | L73: =IFERROR(J73*K73,"") -> 5 | M73: Fire protection systems are implemented and maintained according to FSB requirements; fire extinguishers and hose reels are placed in common areas. Servers in the data centre are protected by gas and water fire suppression protection systems. | N73: Risk acceptance | O73: Risk Assessment and Treatment Methodology (ISMS-02) | Q73: Annual review
D74: interruption of power supply | E74: sensitivity of equipment to voltage change | F74: =IF($C74<>"",C74,"") | G74: 1 | H74: 1 | I74: 5 | J74: =IF(MAX(G74:I74)=0,"",MAX(G74:I74)) -> 5 | K74: 1 | L74: =IFERROR(J74*K74,"") -> 5 | M74: Building electrical power supply system and sources are reliable. Data centre also has backup generator and UPS systems to prevent blackouts. | N74: Risk acceptance | O74: Risk Assessment and Treatment Methodology (ISMS-02) | Q74: Annual review
D75: misuse of information systems | E75: inadequate supervision of external suppliers | F75: =IF($C75<>"",C75,"") | G75: 5 | H75: 5 | I75: 5 | J75: =IF(MAX(G75:I75)=0,"",MAX(G75:I75)) -> 5 | K75: 1 | L75: =IFERROR(J75*K75,"") -> 5 | M75: Adequate IS policy, procedures and controls are implemented. Only pre-authorised technicians, engineers and other staff will be granted access to sensitive areas. | N75: Selection of controls | O75: Information Security Policy (ISMS-01) | Q75: Implemented
D76: application errors | E76: inadequate change control | G76: 1 | H76: 1 | I76: 5 | J76: =IF(MAX(G76:I76)=0,"",MAX(G76:I76)) -> 5 | K76: 1 | L76: =IFERROR(J76*K76,"") -> 5 | M76: Updates and patches are tested by pre-authorised technicians or engineers. These are applied only after they are tested in the vendors' test environment. | N76: Selection of controls | O76: Secure Development Policy (ISMS-07) | Q76: Implemented
A77: 14 | B77: BLS registration system | C77: PD | D77: hacking or virus attack | E77: Sensitive information about the business will be available to unauthorized persons. Customer and transaction records and data may be lost or leaked. Hackers may seize control of the server system or data records, and use it to commit computer fraud or crime. The system configuration and database may also be damaged or destroyed (loss). | F77: PD | G77: 5 | H77: 5 | I77: 5 | J77: =IF(MAX(G77:I77)=0,"",MAX(G77:I77)) -> 5 | K77: 1 | L77: =IFERROR(J77*K77,"") -> 5 | M77: Anti-virus installed and regular updates for virus signatures and application upgrades. PCs are connected via a dedicated OA network. Users working externally will connect using VPN and https services. Users and administrators (including service provider support staff) access are granted based on least privileged use policy and procedures. | N77: Selection of controls | O77: Procedures for Working in Secure Areas (ISMS-12) | P77: ASP | Q77: Implemented
D78: equipment failure | E78: inadequate maintenance | F78: =IF($C78<>"",C78,"") | G78: 1 | H78: 1 | I78: 5 | J78: =IF(MAX(G78:I78)=0,"",MAX(G78:I78)) -> 5 | K78: 1 | L78: =IFERROR(J78*K78,"") -> 5 | M78: Regular maintenance is carried out on the server hardware and operating system. | N78: Selection of controls | O78: Operating Procedures for Information and Communication Technology (ISMS-14) | Q78: Implemented
D79: equipment failure | E79: location sensitive to water leakage | G79: 1 | H79: 1 | I79: 5 | J79: =IF(MAX(G79:I79)=0,"",MAX(G79:I79)) -> 5 | K79: 1 | L79: =IFERROR(J79*K79,"") -> 5 | M79: Server is located in a secure third party data centre; i.e. no piping inside or around the area. | N79: Selection of controls | O79: Operating Procedures for Information and Communication Technology (ISMS-14) | Q79: Implemented
D80: equipment failure | E80: sensitivity of equipment to temperature | G80: 1 | H80: 1 | I80: 5 | J80: =IF(MAX(G80:I80)=0,"",MAX(G80:I80)) -> 5 | K80: 1 | L80: =IFERROR(J80*K80,"") -> 5 | M80: Adequate air-conditioning units operates 24/7 daily to provide optimum operating temperatures. | N80: Selection of controls | O80: Operating Procedures for Information and Communication Technology (ISMS-14) | Q80: Implemented
D81: equipment failure | E81: sensitivity of equipment to voltage change | G81: 1 | H81: 1 | I81: 5 | J81: =IF(MAX(G81:I81)=0,"",MAX(G81:I81)) -> 5 | K81: 1 | L81: =IFERROR(J81*K81,"") -> 5 | M81: Power supply to racks are supplied by circuits with appropriate power stabilizers and controllers; that are suitable for use in data centre electrical power supply systems. | N81: Selection of controls | O81: Operating Procedures for Information and Communication Technology (ISMS-14) | Q81: Implemented
D82: fire | E82: location sensitive to natural disasters | F82: =IF($C82<>"",C82,"") | G82: 1 | H82: 1 | I82: 5 | J82: =IF(MAX(G82:I82)=0,"",MAX(G82:I82)) -> 5 | K82: 1 | L82: =IFERROR(J82*K82,"") -> 5 | M82: Fire protection systems are implemented and maintained according to FSB requirements; fire extinguishers and hose reels are placed in common areas. Servers in the data centre are protected by gas and water fire suppression protection systems. | N82: Risk acceptance | O82: Risk Assessment and Treatment Methodology (ISMS-02) | Q82: Annual review
D83: interruption of power supply | E83: sensitivity of equipment to voltage change | F83: =IF($C83<>"",C83,"") | G83: 1 | H83: 1 | I83: 5 | J83: =IF(MAX(G83:I83)=0,"",MAX(G83:I83)) -> 5 | K83: 1 | L83: =IFERROR(J83*K83,"") -> 5 | M83: Building electrical power supply system and sources are reliable. Data centre also has backup generator and UPS systems to prevent blackouts. | N83: Risk acceptance | O83: Risk Assessment and Treatment Methodology (ISMS-02) | Q83: Annual review
D84: misuse of information systems | E84: inadequate supervision of external suppliers | F84: =IF($C84<>"",C84,"") | G84: 5 | H84: 5 | I84: 5 | J84: =IF(MAX(G84:I84)=0,"",MAX(G84:I84)) -> 5 | K84: 1 | L84: =IFERROR(J84*K84,"") -> 5 | M84: Adequate IS policy, procedures and controls are implemented. Only pre-authorised technicians, engineers and other staff will be granted access to sensitive areas. | N84: Selection of controls | O84: Information Security Policy (ISMS-01) | Q84: Implemented
D85: application errors | E85: inadequate change control | G85: 1 | H85: 1 | I85: 5 | J85: =IF(MAX(G85:I85)=0,"",MAX(G85:I85)) -> 5 | K85: 1 | L85: =IFERROR(J85*K85,"") -> 5 | M85: Updates and patches are tested by pre-authorised technicians or engineers. These are applied only after they are tested in the vendors' test environment. | N85: Selection of controls | O85: Secure Development Policy (ISMS-07) | Q85: Implemented
A86: 15 | B86: Router-Firewall (OA Guest) | C86: PD | D86: hacking or virus attack | E86: Confidential information will available to unauthorized persons. Integrity of confidential information and intellectual property may be compromised. | F86: PD | G86: 5 | H86: 5 | I86: 5 | J86: =IF(MAX(G86:I86)=0,"",MAX(G86:I86)) -> 5 | K86: 1 | L86: =IFERROR(J86*K86,"") -> 5 | M86: Anti-virus installed and regular updates for virus signatures and application upgrades. | N86: Selection of controls | O86: VAPT will be conducted to determine gaps, and identify actions to plug weaknesses | Q86: Implemented
D87: malicious code | E87: inadequate change control | F87: =IF($C87<>"",C87,"") | G87: 1 | H87: 1 | I87: 5 | J87: =IF(MAX(G87:I87)=0,"",MAX(G87:I87)) -> 5 | K87: 1 | L87: =IFERROR(J87*K87,"") -> 5 | M87: Firmware updates and patches are tested separately at the vendor's test environment before they are installed. | N87: Selection of controls | O87: Operating Procedures for Information and Communication Technology (ISMS-14) | Q87: Implemented
D88: equipment failure | E88: inadequate maintenance | F88: =IF($C88<>"",C88,"") | G88: 1 | H88: 1 | I88: 5 | J88: =IF(MAX(G88:I88)=0,"",MAX(G88:I88)) -> 5 | K88: 1 | L88: =IFERROR(J88*K88,"") -> 5 | M88: Regular maintenance for device hardware and software. | N88: Selection of controls | O88: Operating Procedures for Information and Communication Technology (ISMS-14) | Q88: Implemented
D89: equipment failure | E89: location sensitive to water leakage | G89: 1 | H89: 1 | I89: 5 | J89: =IF(MAX(G89:I89)=0,"",MAX(G89:I89)) -> 5 | K89: 1 | L89: =IFERROR(J89*K89,"") -> 5 | M89: Device is not located near or under any water pipes. | N89: Selection of controls | O89: Operating Procedures for Information and Communication Technology (ISMS-14) | Q89: Implemented
D90: equipment failure | E90: sensitivity of equipment to temperature | G90: 1 | H90: 1 | I90: 5 | J90: =IF(MAX(G90:I90)=0,"",MAX(G90:I90)) -> 5 | K90: 1 | L90: =IFERROR(J90*K90,"") -> 5 | M90: Device is located in server rooms which have adequate air-conditioning units operating 24/7 daily. | N90: Selection of controls | O90: Operating Procedures for Information and Communication Technology (ISMS-14) | Q90: Implemented
D91: equipment failure | E91: sensitivity of equipment to voltage change | G91: 1 | H91: 1 | I91: 5 | J91: =IF(MAX(G91:I91)=0,"",MAX(G91:I91)) -> 5 | K91: 1 | L91: =IFERROR(J91*K91,"") -> 5 | M91: Power supply to racks are supplied by circuits with industially proven power stabilizers and controllers. | N91: Selection of controls | O91: Operating Procedures for Information and Communication Technology (ISMS-14) | Q91: Implemented
D92: fire | E92: location sensitive to natural disasters | F92: =IF($C92<>"",C92,"") | G92: 1 | H92: 1 | I92: 5 | J92: =IF(MAX(G92:I92)=0,"",MAX(G92:I92)) -> 5 | K92: 1 | L92: =IFERROR(J92*K92,"") -> 5 | M92: fire protection according to FSB requirements; fire extinguishers and hose reels are placed in selected areas. | N92: Risk acceptance | O92: Risk Assessment and Treatment Methodology (ISMS-02) | Q92: Annual review
D93: interruption of power supply | E93: sensitivity of equipment to voltage change | F93: =IF($C93<>"",C93,"") | G93: 1 | H93: 1 | I93: 5 | J93: =IF(MAX(G93:I93)=0,"",MAX(G93:I93)) -> 5 | K93: 1 | L93: =IFERROR(J93*K93,"") -> 5 | M93: Building electrical power supply system and sources are reliable. | N93: Risk acceptance | O93: Risk Assessment and Treatment Methodology (ISMS-02) | Q93: Annual review
D94: damage incurred during penetration testing | E94: inadequate network management | F94: =IF($C94<>"",C94,"") | G94: 1 | H94: 1 | I94: 5 | J94: =IF(MAX(G94:I94)=0,"",MAX(G94:I94)) -> 5 | K94: 1 | L94: =IFERROR(J94*K94,"") -> 5 | M94: Experienced and qualified cyber specialists are carefully selected and engaged to conduct this test. | N94: Selection of controls | O94: VAPT plan needs to be approved before test is conducted | Q94: Implemented
D95: malicious code | E95: inadequate change control | F95: =IF($C95<>"",C95,"") | G95: 1 | H95: 1 | I95: 5 | J95: =IF(MAX(G95:I95)=0,"",MAX(G95:I95)) -> 5 | K95: 1 | L95: =IFERROR(J95*K95,"") -> 5 | M95: Patches and updates for firwall are tested in the vendor's test lab before they are rolled out. | N95: Selection of controls | O95: Secure Development Policy (ISMS-07) | Q95: Implemented
D96: unauthorized network access | E96: inadequate supervision of external suppliers | F96: =IF($C96<>"",C96,"") | G96: 1 | H96: 1 | I96: 5 | J96: =IF(MAX(G96:I96)=0,"",MAX(G96:I96)) -> 5 | K96: 1 | L96: =IFERROR(J96*K96,"") -> 5 | M96: Vendor's engineers and technicians are carefully selected and pre-authorised to work in sensitive areas. | N96: Selection of controls | O96: Supplier Security Policy (ISMS-08) | Q96: Implemented
D97: unauthorized network access | E97: inadequate supervision of external suppliers | F97: =IF($C97<>"",C97,"") | G97: 1 | H97: 1 | I97: 5 | J97: =IF(MAX(G97:I97)=0,"",MAX(G97:I97)) -> 5 | K97: 1 | L97: =IFERROR(J97*K97,"") -> 5 | M97: Guest wifi will only route guest logins to internet | N97: Selection of controls | O97: Supplier Security Policy (ISMS-08) | Q97: Implemented
A98: 15 | B98: Modem (OA Guest) | C98: PD | D98: hacking or virus attack | E98: Confidential information will available to unauthorized persons. Integrity of confidential information and intellectual property may be compromised. | F98: PD | G98: 5 | H98: 5 | I98: 5 | J98: =IF(MAX(G98:I98)=0,"",MAX(G98:I98)) -> 5 | K98: 1 | L98: =IFERROR(J98*K98,"") -> 5 | M98: Anti-virus installed and regular updates for virus signatures and application upgrades. | N98: Selection of controls | O98: VAPT will be conducted to determine gaps, and identify actions to plug weaknesses | Q98: Implemented
D99: malicious code | E99: inadequate change control | F99: =IF($C99<>"",C99,"") | G99: 1 | H99: 1 | I99: 5 | J99: =IF(MAX(G99:I99)=0,"",MAX(G99:I99)) -> 5 | K99: 1 | L99: =IFERROR(J99*K99,"") -> 5 | M99: Firmware updates and patches are tested separately at the vendor's test environment before they are installed. | N99: Selection of controls | O99: Operating Procedures for Information and Communication Technology (ISMS-14) | Q99: Implemented
D100: equipment failure | E100: inadequate maintenance | F100: =IF($C100<>"",C100,"") | G100: 1 | H100: 1 | I100: 5 | J100: =IF(MAX(G100:I100)=0,"",MAX(G100:I100)) -> 5 | K100: 1 | L100: =IFERROR(J100*K100,"") -> 5 | M100: Regular maintenance for device hardware and software. | N100: Selection of controls | O100: Operating Procedures for Information and Communication Technology (ISMS-14) | Q100: Implemented
D101: equipment failure | E101: location sensitive to water leakage | G101: 1 | H101: 1 | I101: 5 | J101: =IF(MAX(G101:I101)=0,"",MAX(G101:I101)) -> 5 | K101: 1 | L101: =IFERROR(J101*K101,"") -> 5 | M101: Device is not located near or under any water pipes. | N101: Selection of controls | O101: Operating Procedures for Information and Communication Technology (ISMS-14) | Q101: Implemented
...

Sheet Assets (2)
A1: Asset Name | B1: Description | C1: Row No. | D1: Risk No.
A2: Email server | B2: Email services and application | C2: =IFERROR(MATCH(A2,'RA-RTP'!$B$3:$B$1000,0),"no match") -> 1 | D2: =IFERROR(INDEX('RA-RTP'!$A$3:$A$1000,MATCH(A2,'RA-RTP'!$B$3:$B$1000,0)),"no match") -> 1
A3: BMS main server | B3: Business control system server | C3: =IFERROR(MATCH(A3,'RA-RTP'!$B$3:$B$1000,0),"no match") -> 13 | D3: =IFERROR(INDEX('RA-RTP'!$A$3:$A$1000,MATCH(A3,'RA-RTP'!$B$3:$B$1000,0)),"no match") -> 2
A4: BMS workstation | B4: Business control monitoring station (NOC) | C4: =IFERROR(MATCH(A4,'RA-RTP'!$B$3:$B$1000,0),"no match") -> 24 | D4: =IFERROR(INDEX('RA-RTP'!$A$3:$A$1000,MATCH(A4,'RA-RTP'!$B$3:$B$1000,0)),"no match") -> 3
A5: Office Work PC | B5: Desktop or notebook PCs for office administration | C5: =IFERROR(MATCH(A5,'RA-RTP'!$B$3:$B$1000,0),"no match") -> 36 | D5: =IFERROR(INDEX('RA-RTP'!$A$3:$A$1000,MATCH(A5,'RA-RTP'!$B$3:$B$1000,0)),"no match") -> 4
A6: Firewall | B6: Main firewall | C6: =IFERROR(MATCH(A6,'RA-RTP'!$B$3:$B$1000,0),"no match") -> 48 | D6: =IFERROR(INDEX('RA-RTP'!$A$3:$A$1000,MATCH(A6,'RA-RTP'!$B$3:$B$1000,0)),"no match") -> 5
A7: Router | B7: Core router and internet connection | C7: =IFERROR(MATCH(A7,'RA-RTP'!$B$3:$B$1000,0),"no match") -> 60 | D7: =IFERROR(INDEX('RA-RTP'!$A$3:$A$1000,MATCH(A7,'RA-RTP'!$B$3:$B$1000,0)),"no match") -> 6
A8: NAS | B8: Network attached storage | C8: =IFERROR(MATCH(A8,'RA-RTP'!$B$3:$B$1000,0),"no match") -> 72 | D8: =IFERROR(INDEX('RA-RTP'!$A$3:$A$1000,MATCH(A8,'RA-RTP'!$B$3:$B$1000,0)),"no match") -> 7
A9: ACS-CCTV server | B9: Security access control & CCTV system (server) | C9: =IFERROR(MATCH(A9,'RA-RTP'!$B$3:$B$1000,0),"no match") -> 84 | D9: =IFERROR(INDEX('RA-RTP'!$A$3:$A$1000,MATCH(A9,'RA-RTP'!$B$3:$B$1000,0)),"no match") -> 8
A10: ACS-CCTV core switch | B10: Core Switch for CCTV Camera and Card Acess | C10: =IFERROR(MATCH(A10,'RA-RTP'!$B$3:$B$1000,0),"no match") -> 96 | D10: =IFERROR(INDEX('RA-RTP'!$A$3:$A$1000,MATCH(A10,'RA-RTP'!$B$3:$B$1000,0)),"no match") -> 9
A11: Chiller System Server | B11: Chiller System Server | C11: =IFERROR(MATCH(A11,'RA-RTP'!$B$3:$B$1000,0),"no match") -> 108 | D11: =IFERROR(INDEX('RA-RTP'!$A$3:$A$1000,MATCH(A11,'RA-RTP'!$B$3:$B$1000,0)),"no match") -> 10
A12: ACS-CCTV POE switch | B12: POE Switch for CCTV Camera and Card Acess | C12: =IFERROR(MATCH(A12,'RA-RTP'!$B$3:$B$1000,0),"no match") -> 120 | D12: =IFERROR(INDEX('RA-RTP'!$A$3:$A$1000,MATCH(A12,'RA-RTP'!$B$3:$B$1000,0)),"no match") -> 11
A13: EVMS server | B13: Visitor control system | C13: =IFERROR(MATCH(A13,'RA-RTP'!$B$3:$B$1000,0),"no match") -> 132 | D13: =IFERROR(INDEX('RA-RTP'!$A$3:$A$1000,MATCH(A13,'RA-RTP'!$B$3:$B$1000,0)),"no match") -> 12
... A30: Contractor staff | B30: Employees from M7 and other vendors or suppliers | C30: =IFERROR(MATCH(A30,'RA-RTP'!$B$3:$B$1000,0),"no match") -> no match | D30: =IFERROR(INDEX('RA-RTP'!$A$3:$A$1000,MATCH(A30,'RA-RTP'!$B$3:$B$1000,0)),"no match") -> no match
A31: Software applications | C31: =IFERROR(MATCH(A31,'RA-RTP'!$B$3:$B$1000,0),"no match") -> no match | D31: =IFERROR(INDEX('RA-RTP'!$A$3:$A$1000,MATCH(A31,'RA-RTP'!$B$3:$B$1000,0)),"no match") -> no match
A32: Database files and records | C32: =IFERROR(MATCH(A32,'RA-RTP'!$B$3:$B$1000,0),"no match") -> no match | D32: =IFERROR(INDEX('RA-RTP'!$A$3:$A$1000,MATCH(A32,'RA-RTP'!$B$3:$B$1000,0)),"no match") -> no match
A33: Infrastructure | B33: Other facilities (not listed in this table) | C33: =IFERROR(MATCH(A33,'RA-RTP'!$B$3:$B$1000,0),"no match") -> no match | D33: =IFERROR(INDEX('RA-RTP'!$A$3:$A$1000,MATCH(A33,'RA-RTP'!$B$3:$B$1000,0)),"no match") -> no match
A34: Outsourced processes & services | B34: Include M7 shared services support staff; vendor staff | C34: =IFERROR(MATCH(A34,'RA-RTP'!$B$3:$B$1000,0),"no match") -> no match | D34: =IFERROR(INDEX('RA-RTP'!$A$3:$A$1000,MATCH(A34,'RA-RTP'!$B$3:$B$1000,0)),"no match") -> no match

Sheet RA-RTP
A1: Risk Assessment | N1: Risk Treatment Plan
A2: No | B2: Asset name Asset type | C2: Asset owner | D2: Threat | E2: Vulnerability | F2: Risk owner | G2: Confiden-tiality | H2: Integrity | I2: Availability | J2: Impact Severity | K2: Likelihood | L2: Risk | M2: Existing controls | N2: Selection of options | O2: Implementation approach | P2: By Whom | Q2: Status | R2: Next Follow-up date
A3: 1 | B3: Email server | C3: CEO | D3: hacking or virus attack | E3: Confidential information will available to unauthorized persons Email records or data may be modified (loss of data integrity) Email application service and database may be disrupted (unavailable) | F3: CEO | G3: 5 | H3: 5 | I3: 5 | J3: =IF(MAX(G3:I3)=0,"",MAX(G3:I3)) -> 5 | K3: 1 | L3: =IFERROR(J3*K3,"") -> 5 | M3: Anti-virus installed and regular updates for virus signatures and application upgrades. | N3: Selection of controls | O3: Conduct VAPT; determine and close weaknesses (if any) | P3: CEO | Q3: Implemented | R3: 43445
D4: application errors | E4: inadequate change control | F4: =IF($C4<>"",C4,"") | G4: 1 | H4: 1 | I4: 5 | J4: =IF(MAX(G4:I4)=0,"",MAX(G4:I4)) -> 5 | K4: 1 | L4: =IFERROR(J4*K4,"") -> 5 | M4: Critical updates and patches are tested by the vendor; then they are applied to Dodid's email server. | N4: Selection of controls | O4: Secure Development Policy (ISMS-07) | Q4: Implemented
D5: equipment failure | E5: inadequate maintenance | F5: =IF($C5<>"",C5,"") | G5: 1 | H5: 1 | I5: 5 | J5: =IF(MAX(G5:I5)=0,"",MAX(G5:I5)) -> 5 | K5: 1 | L5: =IFERROR(J5*K5,"") -> 5 | M5: Regular maintenance on essential IT and technology equipment. Implement ICT DR server for email. | N5: Selection of controls | O5: Operating Procedures for Information and Communication Technology (ISMS-14) | Q5: Implemented
D6: equipment failure | E6: location sensitive to water leakage | G6: 1 | H6: 1 | I6: 5 | J6: =IF(MAX(G6:I6)=0,"",MAX(G6:I6)) -> 5 | K6: 1 | L6: =IFERROR(J6*K6,"") -> 5 | M6: Ensure server rooms do not have water pipes running through or near by. | N6: Selection of controls | O6: Operating Procedures for Information and Communication Technology (ISMS-14) | Q6: Implemented
D7: equipment failure | E7: sensitivity of equipment to temperature | G7: 1 | H7: 1 | I7: 5 | J7: =IF(MAX(G7:I7)=0,"",MAX(G7:I7)) -> 5 | K7: 1 | L7: =IFERROR(J7*K7,"") -> 5 | M7: Computer server rooms have adequate air-conditioning units operating 24/7 daily. | N7: Selection of controls | O7: Operating Procedures for Information and Communication Technology (ISMS-14) | Q7: Implemented
D8: equipment failure | E8: sensitivity of equipment to voltage change | G8: 1 | H8: 1 | I8: 5 | J8: =IF(MAX(G8:I8)=0,"",MAX(G8:I8)) -> 5 | K8: 1 | L8: =IFERROR(J8*K8,"") -> 5 | M8: Power supply to racks are supplied by circuits with industially proven power stabilizers and controllers. | N8: Selection of controls | O8: Operating Procedures for Information and Communication Technology (ISMS-14) | Q8: Implemented
D9: fire | E9: location sensitive to natural disasters | F9: =IF($C9<>"",C9,"") | G9: 1 | H9: 1 | I9: 5 | J9: =IF(MAX(G9:I9)=0,"",MAX(G9:I9)) -> 5 | K9: 1 | L9: =IFERROR(J9*K9,"") -> 5 | M9: fire protection according to FSB requirements; fire extinguishers and hose reels are placed in selected areas. Servers in the data centre are protected by gas and water fire suppression protection systems. | N9: Risk acceptance | O9: Risk Assessment and Treatment Methodology (ISMS-02) | Q9: Annual review
D10: interruption of power supply | E10: sensitivity of equipment to voltage change | F10: =IF($C10<>"",C10,"") | G10: 1 | H10: 1 | I10: 5 | J10: =IF(MAX(G10:I10)=0,"",MAX(G10:I10)) -> 5 | K10: 1 | L10: =IFERROR(J10*K10,"") -> 5 | M10: Building electrical power supply system and sources are reliable. Data centre also has backup generator and UPS systems to prevent blackouts. | N10: Risk acceptance | O10: Risk Assessment and Treatment Methodology (ISMS-02) | Q10: Annual review
D11: misuse of information systems | E11: inadequate level of knowledge and/or awareness of employees | F11: =IF($C11<>"",C11,"") | G11: 5 | H11: 1 | I11: 1 | J11: =IF(MAX(G11:I11)=0,"",MAX(G11:I11)) -> 5 | K11: 1 | L11: =IFERROR(J11*K11,"") -> 5 | M11: Adequate IS policy, procedures and controls are implemented – staff will be trained be made more aware of IS and cyberattacks. | N11: Selection of controls | O11: Information Security Policy (ISMS-01) | Q11: Implemented
D12: misuse of information systems | E12: inadequate supervision of external suppliers | F12: =IF($C12<>"",C12,"") | G12: 5 | H12: 5 | I12: 5 | J12: =IF(MAX(G12:I12)=0,"",MAX(G12:I12)) -> 5 | K12: 1 | L12: =IFERROR(J12*K12,"") -> 5 | M12: Adequate IS policy, procedures and controls are implemented. Only pre-authorised technicians, engineers and other staff will be granted access to sensitive areas. | N12: Selection of controls | O12: Supplier Security Policy (ISMS-08) | Q12: Implemented
D13: deterioration of media | E13: email records may be lost or corrupted | F13: =IF($C13<>"",C13,"") | G13: 1 | H13: 1 | I13: 5 | J13: =IF(MAX(G13:I13)=0,"",MAX(G13:I13)) -> 5 | K13: 1 | L13: =IFERROR(J13*K13,"") -> 5 | M13: Storage for email records use RAID. Users are required to save critical information and files in the department shared folders. | N13: Selection of controls | O13: Operating Procedures for Information and Communication Technology (ISMS-14) | Q13: Implemented
D14: information interception | E14: Confidential information will available to unauthorized persons. Email records or data may be modified (loss of data integrity). Information obtained may be used to commit fraud or crimes. Stolen intellectual property may be used against the company or disadvantage the company in business deals. | F14: =IF($C14<>"",C14,"") | G14: 5 | H14: 5 | I14: 1 | J14: =IF(MAX(G14:I14)=0,"",MAX(G14:I14)) -> 5 | K14: 1 | L14: =IFERROR(J14*K14,"") -> 5 | M14: Confidential information and intellectual property transmitted file attachments in emails will be encrypted using standard zip tools with passwords; which will be transmitted separately. | N14: Selection of controls | O14: Policy on the Use of Cryptographic Controls (ISMS-09) | Q14: Implemented
A15: 2 | B15: BMS main server | C15: HFM | D15: hacking or virus attack | E15: Sensitive information about the facilities will be available to unauthorized persons. Performance or status of fixed and movable assets may be modified. Hackers may seize control of critical fixed and movable assets connected to the BMS. The system configuration and database may also be damaged or destroyed (loss). | F15: FAM | G15: 5 | H15: 5 | I15: 5 | J15: =IF(MAX(G15:I15)=0,"",MAX(G15:I15)) -> 5 | K15: 1 | L15: =IFERROR(J15*K15,"") -> 5 | M15: Anti-virus installed and regular updates for virus signatures and application upgrades. BMS servers and PCs are connected via a dedicated network; that is not connected to the corporate (or office administration) LAN, and internet. | N15: Selection of controls | O15: Procedures for Working in Secure Areas (ISMS-12) | Q15: Implemented
D16: equipment failure | E16: inadequate maintenance | F16: =IF($C16<>"",C16,"") | G16: 1 | H16: 1 | I16: 5 | J16: =IF(MAX(G16:I16)=0,"",MAX(G16:I16)) -> 5 | K16: 1 | L16: =IFERROR(J16*K16,"") -> 5 | M16: Regular maintenance is carried out on the BMS server. | N16: Selection of controls | O16: Operating Procedures for Information and Communication Technology (ISMS-14) | Q16: Implemented
D17: equipment failure | E17: location sensitive to water leakage | G17: 1 | H17: 1 | I17: 5 | J17: =IF(MAX(G17:I17)=0,"",MAX(G17:I17)) -> 5 | K17: 1 | L17: =IFERROR(J17*K17,"") -> 5 | M17: BMS server is located in the NER; i.e. no piping inside or around the area. | N17: Selection of controls | O17: Operating Procedures for Information and Communication Technology (ISMS-14) | Q17: Implemented
D18: equipment failure | E18: sensitivity of equipment to temperature | G18: 1 | H18: 1 | I18: 5 | J18: =IF(MAX(G18:I18)=0,"",MAX(G18:I18)) -> 5 | K18: 1 | L18: =IFERROR(J18*K18,"") -> 5 | M18: Adequate air-conditioning units operates 24/7 daily to provide optimum operating temperatures. | N18: Selection of controls | O18: Operating Procedures for Information and Communication Technology (ISMS-14) | Q18: Implemented
D19: equipment failure | E19: sensitivity of equipment to voltage change | G19: 1 | H19: 1 | I19: 5 | J19: =IF(MAX(G19:I19)=0,"",MAX(G19:I19)) -> 5 | K19: 1 | L19: =IFERROR(J19*K19,"") -> 5 | M19: Power supply to racks are supplied by circuits with industrially proven power stabilizers and controllers. | N19: Selection of controls | O19: Operating Procedures for Information and Communication Technology (ISMS-14) | Q19: Implemented
D20: fire | E20: location sensitive to natural disasters | F20: =IF($C20<>"",C20,"") | G20: 1 | H20: 1 | I20: 5 | J20: =IF(MAX(G20:I20)=0,"",MAX(G20:I20)) -> 5 | K20: 1 | L20: =IFERROR(J20*K20,"") -> 5 | M20: Fire protection according to FSB requirements; fire extinguishers and hose reels are placed in common areas. Servers in the data centre are protected by gas and water fire suppression protection systems. | N20: Risk acceptance | O20: Risk Assessment and Treatment Methodology (ISMS-02) | Q20: Annual review
D21: interruption of power supply | E21: sensitivity of equipment to voltage change | F21: =IF($C21<>"",C21,"") | G21: 1 | H21: 1 | I21: 5 | J21: =IF(MAX(G21:I21)=0,"",MAX(G21:I21)) -> 5 | K21: 1 | L21: =IFERROR(J21*K21,"") -> 5 | M21: Building electrical power supply system and sources are reliable. Data centre also has backup generator and UPS systems to prevent blackouts. | N21: Risk acceptance | O21: Risk Assessment and Treatment Methodology (ISMS-02) | Q21: Annual review
D22: misuse of information systems | E22: inadequate level of knowledge and/or awareness of employees | F22: =IF($C22<>"",C22,"") | G22: 5 | H22: 1 | I22: 1 | J22: =IF(MAX(G22:I22)=0,"",MAX(G22:I22)) -> 5 | K22: 1 | L22: =IFERROR(J22*K22,"") -> 5 | M22: BMS is configured only to monitor the performance of the assets. Staff and vendors using the BMS are pre-authorised and trained. | N22: Selection of controls | O22: Information Security Policy (ISMS-01) | Q22: Implemented
D23: misuse of information systems | E23: inadequate supervision of external suppliers | F23: =IF($C23<>"",C23,"") | G23: 5 | H23: 5 | I23: 5 | J23: =IF(MAX(G23:I23)=0,"",MAX(G23:I23)) -> 5 | K23: 1 | L23: =IFERROR(J23*K23,"") -> 5 | M23: Adequate IS policy, procedures and controls are implemented. Only pre-authorised technicians, engineers and other staff will be granted access to sensitive areas. | N23: Selection of controls | O23: Information Security Policy (ISMS-01) | Q23: Implemented
D24: application errors | E24: inadequate change control | G24: 1 | H24: 1 | I24: 5 | J24: =IF(MAX(G24:I24)=0,"",MAX(G24:I24)) -> 5 | K24: 1 | L24: =IFERROR(J24*K24,"") -> 5 | M24: Updates and patches are tested by pre-authorised technicians or engineers. These are applied only after they are tested in the vendors' test environment. | N24: Selection of controls | O24: Secure Development Policy (ISMS-07) | Q24: Implemented
A26: 3 | B26: BMS workstation | C26: HFM | D26: hacking or virus attack | E26: Sensitive information about the facilities will be available to unauthorized persons. Performance or status of fixed and movable assets may be modified. Hackers may seize control of critical fixed and movable assets connected to the BMS. The system configuration and database may also be damaged or destroyed (loss). | F26: FAM | G26: 5 | H26: 5 | I26: 5 | J26: =IF(MAX(G26:I26)=0,"",MAX(G26:I26)) -> 5 | K26: 1 | L26: =IFERROR(J26*K26,"") -> 5 | M26: Anti-virus installed and regular updates for virus signatures and application upgrades. BMS servers and PCs run on a separate network; that is not connected to the corporate (or office administration) LAN, and internet. | N26: Selection of controls | O26: Procedures for Working in Secure Areas (ISMS-12) | Q26: Implemented
D27: equipment failure | E27: inadequate change control | F27: =IF($C27<>"",C27,"") | G27: 1 | H27: 1 | I27: 5 | J27: =IF(MAX(G27:I27)=0,"",MAX(G27:I27)) -> 5 | K27: 1 | L27: =IFERROR(J27*K27,"") -> 5 | M27: Updates and patches are tested by pre-authorised technicians or engineers. These are applied only after they are tested in the vendors' test environment. | N27: Selection of controls | O27: Operating Procedures for Information and Communication Technology (ISMS-14) | Q27: Implemented
D28: equipment failure | E28: inadequate maintenance | F28: =IF($C28<>"",C28,"") | G28: 1 | H28: 1 | I28: 5 | J28: =IF(MAX(G28:I28)=0,"",MAX(G28:I28)) -> 5 | K28: 1 | L28: =IFERROR(J28*K28,"") -> 5 | M28: Regular maintenance is carried out on the BMS PC. | N28: Selection of controls | O28: Operating Procedures for Information and Communication Technology (ISMS-14) | Q28: Implemented
D29: equipment failure | E29: location sensitive to water leakage | G29: 1 | H29: 1 | I29: 5 | J29: =IF(MAX(G29:I29)=0,"",MAX(G29:I29)) -> 5 | K29: 1 | L29: =IFERROR(J29*K29,"") -> 5 | M29: BMS PC is located in the NOC; i.e. no piping inside or around the area. | N29: Selection of controls | O29: Operating Procedures for Information and Communication Technology (ISMS-14) | Q29: Implemented
D30: equipment failure | E30: sensitivity of equipment to temperature | G30: 1 | H30: 1 | I30: 5 | J30: =IF(MAX(G30:I30)=0,"",MAX(G30:I30)) -> 5 | K30: 1 | L30: =IFERROR(J30*K30,"") -> 5 | M30: Adequate air-conditioning units operates 24/7 daily to provide optimum operating temperatures. | N30: Selection of controls | O30: Operating Procedures for Information and Communication Technology (ISMS-14) | Q30: Implemented
D31: equipment failure | E31: sensitivity of equipment to voltage change | G31: 1 | H31: 1 | I31: 5 | J31: =IF(MAX(G31:I31)=0,"",MAX(G31:I31)) -> 5 | K31: 1 | L31: =IFERROR(J31*K31,"") -> 5 | M31: Power supply to racks are supplied by circuits with industrially proven power stabilizers and controllers. | N31: Risk acceptance | O31: Risk Assessment and Treatment Methodology (ISMS-02) | Q31: Annual review
D32: fire | E32: location sensitive to natural disasters | F32: =IF($C32<>"",C32,"") | G32: 1 | H32: 1 | I32: 5 | J32: =IF(MAX(G32:I32)=0,"",MAX(G32:I32)) -> 5 | K32: 1 | L32: =IFERROR(J32*K32,"") -> 5 | M32: Fire protection according to FSB requirements; fire extinguishers and hose reels are placed in common areas. Servers in the data centre are protected by gas and water fire suppression protection systems. | N32: Risk acceptance | O32: Risk Assessment and Treatment Methodology (ISMS-02) | Q32: Annual review
D33: interruption of power supply | E33: sensitivity of equipment to voltage change | F33: =IF($C33<>"",C33,"") | G33: 1 | H33: 1 | I33: 5 | J33: =IF(MAX(G33:I33)=0,"",MAX(G33:I33)) -> 5 | K33: 1 | L33: =IFERROR(J33*K33,"") -> 5 | M33: Building electrical power supply system and sources are reliable. Data centre also has backup generator and UPS systems to prevent blackouts. | N33: Selection of controls | O33: Risk Assessment and Treatment Methodology (ISMS-02) | Q33: Annual review
D34: misuse of information systems | E34: inadequate level of knowledge and/or awareness of employees | F34: =IF($C34<>"",C34,"") | G34: 5 | H34: 1 | I34: 1 | J34: =IF(MAX(G34:I34)=0,"",MAX(G34:I34)) -> 5 | K34: 1 | L34: =IFERROR(J34*K34,"") -> 5 | M34: BMS is configured only to monitor the performance of the assets. Staff and vendors using the BMS are pre-authorised and trained. | N34: Selection of controls | O34: Information Security Policy (ISMS-01) | Q34: Implemented
D35: misuse of information systems | E35: inadequate supervision of external suppliers | F35: =IF($C35<>"",C35,"") | G35: 5 | H35: 5 | I35: 5 | J35: =IF(MAX(G35:I35)=0,"",MAX(G35:I35)) -> 5 | K35: 1 | L35: =IFERROR(J35*K35,"") -> 5 | M35: Adequate IS policy, procedures and controls are implemented. Only pre-authorised technicians, engineers and other staff will be granted access to sensitive areas. | N35: Selection of controls | O35: Supplier Security Policy (ISMS-08) | Q35: Implemented
A38: 4 | B38: Office Work PC | C38: Staff | D38: hacking or virus attack | E38: Confidential information will available to unauthorized persons. Integrity of confidential information and intellectual property may be compromised. | F38: CEO | G38: 5 | H38: 5 | I38: 5 | J38: =IF(MAX(G38:I38)=0,"",MAX(G38:I38)) -> 5 | K38: 1 | L38: =IFERROR(J38*K38,"") -> 5 | M38: Anti-virus installed and regular updates for virus signatures and application upgrades. | N38: Selection of controls | O38: Determine and "plug" weaknesses via VAPT | P38: CEO | Q38: WIP | R38: 43445
D39: malicious code | E39: inadequate change control | F39: =IF($C39<>"",C39,"") | G39: 1 | H39: 1 | I39: 5 | J39: =IF(MAX(G39:I39)=0,"",MAX(G39:I39)) -> 5 | K39: 1 | L39: =IFERROR(J39*K39,"") -> 5 | M39: Application and system updates are tested separately before they are rolled out to staff. | N39: Selection of controls | O39: Operating Procedures for Information and Communication Technology (ISMS-14) | Q39: Implemented
D40: equipment failure | E40: inadequate maintenance | F40: =IF($C40<>"",C40,"") | G40: 1 | H40: 1 | I40: 5 | J40: =IF(MAX(G40:I40)=0,"",MAX(G40:I40)) -> 5 | K40: 1 | L40: =IFERROR(J40*K40,"") -> 5 | M40: Regular maintenance on PCs. | N40: Selection of controls | O40: Operating Procedures for Information and Communication Technology (ISMS-14) | Q40: Implemented
D41: equipment failure | E41: location sensitive to water leakage | G41: 1 | H41: 1 | I41: 5 | J41: =IF(MAX(G41:I41)=0,"",MAX(G41:I41)) -> 5 | K41: 1 | L41: =IFERROR(J41*K41,"") -> 5 | M41: Offices for staff are not located near or under any water pipes. | N41: Selection of controls | O41: Operating Procedures for Information and Communication Technology (ISMS-14) | Q41: Implemented
D42: equipment failure | E42: sensitivity of equipment to temperature | G42: 1 | H42: 1 | I42: 5 | J42: =IF(MAX(G42:I42)=0,"",MAX(G42:I42)) -> 5 | K42: 1 | L42: =IFERROR(J42*K42,"") -> 5 | M42: Computer server rooms have adequate air-conditioning units operating 24/7 daily. | N42: Selection of controls | O42: Operating Procedures for Information and Communication Technology (ISMS-14) | Q42: Implemented
D43: equipment failure | E43: sensitivity of equipment to voltage change | G43: 1 | H43: 1 | I43: 5 | J43: =IF(MAX(G43:I43)=0,"",MAX(G43:I43)) -> 5 | K43: 1 | L43: =IFERROR(J43*K43,"") -> 5 | M43: Power supply to racks are supplied by circuits with industially proven power stabilizers and controllers. | N43: Risk acceptance | O43: Operating Procedures for Information and Communication Technology (ISMS-14) | Q43: Implemented
D44: fire | E44: location sensitive to natural disasters | F44: =IF($C44<>"",C44,"") | G44: 1 | H44: 1 | I44: 5 | J44: =IF(MAX(G44:I44)=0,"",MAX(G44:I44)) -> 5 | K44: 1 | L44: =IFERROR(J44*K44,"") -> 5 | M44: fire protection according to FSB requirements; fire extinguishers and hose reels are placed in selected areas. | N44: Risk acceptance | O44: Risk Assessment and Treatment Methodology (ISMS-02) | Q44: Annual review
D45: interruption of power supply | E45: sensitivity of equipment to voltage change | F45: =IF($C45<>"",C45,"") | G45: 1 | H45: 1 | I45: 5 | J45: =IF(MAX(G45:I45)=0,"",MAX(G45:I45)) -> 5 | K45: 1 | L45: =IFERROR(J45*K45,"") -> 5 | M45: Building electrical power supply system and sources are reliable. | N45: Risk acceptance | O45: Risk Assessment and Treatment Methodology (ISMS-02) | Q45: Annual review
D46: misuse of information systems | E46: inadequate level of knowledge and/or awareness of employees | F46: =IF($C46<>"",C46,"") | G46: 5 | H46: 1 | I46: 1 | J46: =IF(MAX(G46:I46)=0,"",MAX(G46:I46)) -> 5 | K46: 1 | L46: =IFERROR(J46*K46,"") -> 5 | M46: Adequate IS policy, procedures and controls are implemented – staff will be trained be made more aware of IS and cyberattacks. | N46: Selection of controls | O46: Information Security Policy (ISMS-01) | Q46: Implemented
D47: misuse of information systems | E47: inadequate supervision of external suppliers | F47: =IF($C47<>"",C47,"") | G47: 5 | H47: 5 | I47: 5 | J47: =IF(MAX(G47:I47)=0,"",MAX(G47:I47)) -> 5 | K47: 1 | L47: =IFERROR(J47*K47,"") -> 5 | M47: Adequate IS policy, procedures and controls are implemented. Only pre-authorised technicians, engineers and other staff will be granted access to sensitive areas. | N47: Selection of controls | O47: Supplier Security Policy (ISMS-08) | Q47: Implemented
D48: disclosure of passwords | E48: inadequate level of knowledge and/or awareness of employees | F48: =IF($C48<>"",C48,"") | G48: 5 | H48: 5 | I48: 1 | J48: =IF(MAX(G48:I48)=0,"",MAX(G48:I48)) -> 5 | K48: 1 | L48: =IFERROR(J48*K48,"") -> 5 | M48: Conduct appropriate IS training sessions to improve IS awareness and cultivate good IS practices. | N48: Selection of controls | O48: Information Security Policy (ISMS-01) | Q48: Implemented
D49: leakage/disclosure of information | E49: inadequate level of knowledge and/or awareness of employees | F49: =IF($C49<>"",C49,"") | G49: 5 | H49: 5 | I49: 1 | J49: =IF(MAX(G49:I49)=0,"",MAX(G49:I49)) -> 5 | K49: 1 | L49: =IFERROR(J49*K49,"") -> 5 | M49: Increase IS awareness and good pratices; like using standard zip tools with passwords to encrpyt confidential information and intellectual property transmitted file attachments in emails, and transmit passwords separately. | N49: Selection of controls | O49: Information Security Policy (ISMS-01) | Q49: Implemented
A50: 5 | B50: Firewall | C50: CEO | D50: hacking or virus attack | E50: Confidential information will available to unauthorized persons. Integrity of confidential information and intellectual property may be compromised. | F50: CEO | G50: 5 | H50: 5 | I50: 5 | J50: =IF(MAX(G50:I50)=0,"",MAX(G50:I50)) -> 5 | K50: 1 | L50: =IFERROR(J50*K50,"") -> 5 | M50: Anti-virus installed and regular updates for virus signatures and application upgrades. | N50: Selection of controls | O50: VAPT will be conducted to determine gaps, and identify actions to plug weaknesses | Q50: WIP | R50: 43445
D51: malicious code | E51: inadequate change control | F51: =IF($C51<>"",C51,"") | G51: 1 | H51: 1 | I51: 5 | J51: =IF(MAX(G51:I51)=0,"",MAX(G51:I51)) -> 5 | K51: 1 | L51: =IFERROR(J51*K51,"") -> 5 | M51: Firewall firmware updates and patches are tested separately at the vendor's test environment before they are installed in Dodid. | N51: Selection of controls | O51: Operating Procedures for Information and Communication Technology (ISMS-14) | Q51: Implemented
D52: equipment failure | E52: inadequate maintenance | F52: =IF($C52<>"",C52,"") | G52: 1 | H52: 1 | I52: 5 | J52: =IF(MAX(G52:I52)=0,"",MAX(G52:I52)) -> 5 | K52: 1 | L52: =IFERROR(J52*K52,"") -> 5 | M52: Regular maintenance for firewall hardware and software. | N52: Selection of controls | O52: Operating Procedures for Information and Communication Technology (ISMS-14) | Q52: Implemented
D53: equipment failure | E53: location sensitive to water leakage | G53: 1 | H53: 1 | I53: 5 | J53: =IF(MAX(G53:I53)=0,"",MAX(G53:I53)) -> 5 | K53: 1 | L53: =IFERROR(J53*K53,"") -> 5 | M53: Firewall is not located near or under any water pipes. | N53: Selection of controls | O53: Operating Procedures for Information and Communication Technology (ISMS-14) | Q53: Implemented
D54: equipment failure | E54: sensitivity of equipment to temperature | G54: 1 | H54: 1 | I54: 5 | J54: =IF(MAX(G54:I54)=0,"",MAX(G54:I54)) -> 5 | K54: 1 | L54: =IFERROR(J54*K54,"") -> 5 | M54: Firewall is located in server rooms which have adequate air-conditioning units operating 24/7 daily. | N54: Selection of controls | O54: Operating Procedures for Information and Communication Technology (ISMS-14) | Q54: Implemented
D55: equipment failure | E55: sensitivity of equipment to voltage change | G55: 1 | H55: 1 | I55: 5 | J55: =IF(MAX(G55:I55)=0,"",MAX(G55:I55)) -> 5 | K55: 1 | L55: =IFERROR(J55*K55,"") -> 5 | M55: Power supply to racks are supplied by circuits with industially proven power stabilizers and controllers. | N55: Selection of controls | O55: Operating Procedures for Information and Communication Technology (ISMS-14) | Q55: Implemented
D56: fire | E56: location sensitive to natural disasters | F56: =IF($C56<>"",C56,"") | G56: 1 | H56: 1 | I56: 5 | J56: =IF(MAX(G56:I56)=0,"",MAX(G56:I56)) -> 5 | K56: 1 | L56: =IFERROR(J56*K56,"") -> 5 | M56: fire protection according to FSB requirements; fire extinguishers and hose reels are placed in selected areas. | N56: Risk acceptance | O56: Risk Assessment and Treatment Methodology (ISMS-02) | Q56: Annual review
D57: interruption of power supply | E57: sensitivity of equipment to voltage change | F57: =IF($C57<>"",C57,"") | G57: 1 | H57: 1 | I57: 5 | J57: =IF(MAX(G57:I57)=0,"",MAX(G57:I57)) -> 5 | K57: 1 | L57: =IFERROR(J57*K57,"") -> 5 | M57: Building electrical power supply system and sources are reliable. | N57: Risk acceptance | O57: Risk Assessment and Treatment Methodology (ISMS-02) | Q57: Annual review
D58: damage incurred during penetration testing | E58: inadequate network management | F58: =IF($C58<>"",C58,"") | G58: 1 | H58: 1 | I58: 5 | J58: =IF(MAX(G58:I58)=0,"",MAX(G58:I58)) -> 5 | K58: 1 | L58: =IFERROR(J58*K58,"") -> 5 | M58: Experienced and qualified cyber specialists are carefully selected and engaged to conduct this test. | N58: Selection of controls | O58: Establish plan before conducting VAPT | Q58: Approved
D59: malicious code | E59: inadequate change control | F59: =IF($C59<>"",C59,"") | G59: 1 | H59: 1 | I59: 5 | J59: =IF(MAX(G59:I59)=0,"",MAX(G59:I59)) -> 5 | K59: 1 | L59: =IFERROR(J59*K59,"") -> 5 | M59: Patches and updates for firwall are tested in the vendor's test lab before they are rolled out to Dodid. | N59: Selection of controls | O59: Operating Procedures for Information and Communication Technology (ISMS-14) | Q59: Implemented
D60: unauthorized network access | E60: inadequate supervision of external suppliers | F60: =IF($C60<>"",C60,"") | G60: 1 | H60: 1 | I60: 5 | J60: =IF(MAX(G60:I60)=0,"",MAX(G60:I60)) -> 5 | K60: 1 | L60: =IFERROR(J60*K60,"") -> 5 | M60: Vendor's engineers and technicians are carefully selected and pre-authorised to work in sensitive areas within Dodid. | N60: Selection of controls | O60: Supplier Security Policy (ISMS-08) | Q60: Implemented
F61: =IF($C61<>"",C61,"") | J61: =IF(MAX(G61:I61)=0,"",MAX(G61:I61)) | L61: =IFERROR(J61*K61,"")
A62: 6 | B62: Router | C62: CEO | D62: hacking or virus attack | E62: Confidential information will available to unauthorized persons. Integrity of confidential information and intellectual property may be compromised. | F62: CEO | G62: 5 | H62: 5 | I62: 5 | J62: =IF(MAX(G62:I62)=0,"",MAX(G62:I62)) -> 5 | K62: 1 | L62: =IFERROR(J62*K62,"") -> 5 | M62: Anti-virus installed and regular updates for virus signatures and application upgrades. | N62: Selection of controls | O62: VAPT will be conducted to determine gaps, and identify actions to plug weaknesses | Q62: WIP | R62: 43445
D63: malicious code | E63: inadequate change control | F63: =IF($C63<>"",C63,"") | G63: 1 | H63: 1 | I63: 5 | J63: =IF(MAX(G63:I63)=0,"",MAX(G63:I63)) -> 5 | K63: 1 | L63: =IFERROR(J63*K63,"") -> 5 | M63: Firmware updates and patches are tested separately at the vendor's test environment before they are installed in Dodid. | N63: Selection of controls | O63: Operating Procedures for Information and Communication Technology (ISMS-14) | Q63: Implemented
D64: equipment failure | E64: inadequate maintenance | F64: =IF($C64<>"",C64,"") | G64: 1 | H64: 1 | I64: 5 | J64: =IF(MAX(G64:I64)=0,"",MAX(G64:I64)) -> 5 | K64: 1 | L64: =IFERROR(J64*K64,"") -> 5 | M64: Regular maintenance for device hardware and software. | N64: Selection of controls | O64: Operating Procedures for Information and Communication Technology (ISMS-14) | Q64: Implemented
D65: equipment failure | E65: location sensitive to water leakage | G65: 1 | H65: 1 | I65: 5 | J65: =IF(MAX(G65:I65)=0,"",MAX(G65:I65)) -> 5 | K65: 1 | L65: =IFERROR(J65*K65,"") -> 5 | M65: Device is not located near or under any water pipes. | N65: Selection of controls | O65: Operating Procedures for Information and Communication Technology (ISMS-14) | Q65: Implemented
D66: equipment failure | E66: sensitivity of equipment to temperature | G66: 1 | H66: 1 | I66: 5 | J66: =IF(MAX(G66:I66)=0,"",MAX(G66:I66)) -> 5 | K66: 1 | L66: =IFERROR(J66*K66,"") -> 5 | M66: Device is located in server rooms which have adequate air-conditioning units operating 24/7 daily. | N66: Selection of controls | O66: Operating Procedures for Information and Communication Technology (ISMS-14) | Q66: Implemented
D67: equipment failure | E67: sensitivity of equipment to voltage change | G67: 1 | H67: 1 | I67: 5 | J67: =IF(MAX(G67:I67)=0,"",MAX(G67:I67)) -> 5 | K67: 1 | L67: =IFERROR(J67*K67,"") -> 5 | M67: Power supply to racks are supplied by circuits with industially proven power stabilizers and controllers. | N67: Selection of controls | O67: Operating Procedures for Information and Communication Technology (ISMS-14) | Q67: Implemented
D68: fire | E68: location sensitive to natural disasters | F68: =IF($C68<>"",C68,"") | G68: 1 | H68: 1 | I68: 5 | J68: =IF(MAX(G68:I68)=0,"",MAX(G68:I68)) -> 5 | K68: 1 | L68: =IFERROR(J68*K68,"") -> 5 | M68: fire protection according to FSB requirements; fire extinguishers and hose reels are placed in selected areas. | N68: Risk acceptance | O68: Risk Assessment and Treatment Methodology (ISMS-02) | Q68: Annual review
D69: interruption of power supply | E69: sensitivity of equipment to voltage change | F69: =IF($C69<>"",C69,"") | G69: 1 | H69: 1 | I69: 5 | J69: =IF(MAX(G69:I69)=0,"",MAX(G69:I69)) -> 5 | K69: 1 | L69: =IFERROR(J69*K69,"") -> 5 | M69: Building electrical power supply system and sources are reliable. | N69: Risk acceptance | O69: Risk Assessment and Treatment Methodology (ISMS-02) | Q69: Annual review
D70: damage incurred during penetration testing | E70: inadequate network management | F70: =IF($C70<>"",C70,"") | G70: 1 | H70: 1 | I70: 5 | J70: =IF(MAX(G70:I70)=0,"",MAX(G70:I70)) -> 5 | K70: 1 | L70: =IFERROR(J70*K70,"") -> 5 | M70: Experienced and qualified cyber specialists are carefully selected and engaged to conduct this test. | N70: Selection of controls | O70: VAPT plan needs to be approved before test is conducted | P70: CEO | Q70: Approved | R70: 43445
D71: malicious code | E71: inadequate change control | F71: =IF($C71<>"",C71,"") | G71: 1 | H71: 1 | I71: 5 | J71: =IF(MAX(G71:I71)=0,"",MAX(G71:I71)) -> 5 | K71: 1 | L71: =IFERROR(J71*K71,"") -> 5 | M71: Patches and updates for firwall are tested in the vendor's test lab before they are rolled out to Dodid. | N71: Selection of controls | O71: Secure Development Policy (ISMS-07) | Q71: Implemented
D72: unauthorized network access | E72: inadequate supervision of external suppliers | F72: =IF($C72<>"",C72,"") | G72: 1 | H72: 1 | I72: 5 | J72: =IF(MAX(G72:I72)=0,"",MAX(G72:I72)) -> 5 | K72: 1 | L72: =IFERROR(J72*K72,"") -> 5 | M72: Vendor's engineers and technicians are carefully selected and pre-authorised to work in sensitive areas within Dodid. | N72: Selection of controls | O72: Supplier Security Policy (ISMS-08) | Q72: Implemented
F73: =IF($C73<>"",C73,"") | J73: =IF(MAX(G73:I73)=0,"",MAX(G73:I73)) | L73: =IFERROR(J73*K73,"")
A74: 7 | B74: NAS | C74: CEO | D74: hacking or virus attack | E74: Confidential information will available to unauthorized persons. Integrity of confidential information and intellectual property may be compromised. | F74: CEO | G74: 5 | H74: 5 | I74: 5 | J74: =IF(MAX(G74:I74)=0,"",MAX(G74:I74)) -> 5 | K74: 1 | L74: =IFERROR(J74*K74,"") -> 5 | M74: Anti-virus installed and regular updates for virus signatures and application upgrades. | N74: Selection of controls | O74: VAPT will be conducted to determine gaps, and identify actions to plug weaknesses | P74: CEO | Q74: WIP | R74: 43445
D75: malicious code | E75: inadequate change control | F75: =IF($C75<>"",C75,"") | G75: 1 | H75: 1 | I75: 5 | J75: =IF(MAX(G75:I75)=0,"",MAX(G75:I75)) -> 5 | K75: 1 | L75: =IFERROR(J75*K75,"") -> 5 | M75: Firmware updates and patches are tested separately at the vendor's test environment before they are installed in Dodid. | N75: Selection of controls | O75: Secure Development Policy (ISMS-07) | Q75: Implemented
D76: equipment failure | E76: inadequate maintenance | F76: =IF($C76<>"",C76,"") | G76: 1 | H76: 1 | I76: 5 | J76: =IF(MAX(G76:I76)=0,"",MAX(G76:I76)) -> 5 | K76: 1 | L76: =IFERROR(J76*K76,"") -> 5 | M76: Regular maintenance for device hardware and software. | N76: Selection of controls | O76: Operating Procedures for Information and Communication Technology (ISMS-14) | Q76: Implemented
D77: equipment failure | E77: location sensitive to water leakage | G77: 1 | H77: 1 | I77: 5 | J77: =IF(MAX(G77:I77)=0,"",MAX(G77:I77)) -> 5 | K77: 1 | L77: =IFERROR(J77*K77,"") -> 5 | M77: Device is not located near or under any water pipes. | N77: Selection of controls | O77: Operating Procedures for Information and Communication Technology (ISMS-14) | Q77: Implemented
D78: equipment failure | E78: sensitivity of equipment to temperature | G78: 1 | H78: 1 | I78: 5 | J78: =IF(MAX(G78:I78)=0,"",MAX(G78:I78)) -> 5 | K78: 1 | L78: =IFERROR(J78*K78,"") -> 5 | M78: Firewall is located in server rooms which have adequate air-conditioning units operating 24/7 daily. | N78: Selection of controls | O78: Operating Procedures for Information and Communication Technology (ISMS-14) | Q78: Implemented
D79: equipment failure | E79: sensitivity of equipment to voltage change | G79: 1 | H79: 1 | I79: 5 | J79: =IF(MAX(G79:I79)=0,"",MAX(G79:I79)) -> 5 | K79: 1 | L79: =IFERROR(J79*K79,"") -> 5 | M79: Power supply to racks are supplied by circuits with industially proven power stabilizers and controllers. | N79: Selection of controls | O79: Operating Procedures for Information and Communication Technology (ISMS-14) | Q79: Implemented
D80: fire | E80: location sensitive to natural disasters | F80: =IF($C80<>"",C80,"") | G80: 1 | H80: 1 | I80: 5 | J80: =IF(MAX(G80:I80)=0,"",MAX(G80:I80)) -> 5 | K80: 1 | L80: =IFERROR(J80*K80,"") -> 5 | M80: fire protection according to FSB requirements; fire extinguishers and hose reels are placed in selected areas. | N80: Risk acceptance | O80: Risk Assessment and Treatment Methodology (ISMS-02) | Q80: Annual review
D81: interruption of power supply | E81: sensitivity of equipment to voltage change | F81: =IF($C81<>"",C81,"") | G81: 1 | H81: 1 | I81: 5 | J81: =IF(MAX(G81:I81)=0,"",MAX(G81:I81)) -> 5 | K81: 1 | L81: =IFERROR(J81*K81,"") -> 5 | M81: Building electrical power supply system and sources are reliable. | N81: Risk acceptance | O81: Risk Assessment and Treatment Methodology (ISMS-02) | Q81: Annual review
D82: damage incurred during penetration testing | E82: inadequate network management | F82: =IF($C82<>"",C82,"") | G82: 1 | H82: 1 | I82: 5 | J82: =IF(MAX(G82:I82)=0,"",MAX(G82:I82)) -> 5 | K82: 1 | L82: =IFERROR(J82*K82,"") -> 5 | M82: Experienced and qualified cyber specialists are carefully selected and engaged to conduct this test. | N82: Selection of controls | O82: VAPT plan needs to be approved before test is conducted | P82: CEO | Q82: WIP | R82: 43445
D83: malicious code | E83: inadequate change control | F83: =IF($C83<>"",C83,"") | G83: 1 | H83: 1 | I83: 5 | J83: =IF(MAX(G83:I83)=0,"",MAX(G83:I83)) -> 5 | K83: 1 | L83: =IFERROR(J83*K83,"") -> 5 | M83: Patches and updates for device are tested in the vendor's test lab before they are rolled out to Dodid. | N83: Selection of controls | O83: Secure Development Policy (ISMS-07) | Q83: Implemented
D84: unauthorized network access | E84: inadequate supervision of external suppliers | F84: =IF($C84<>"",C84,"") | G84: 1 | H84: 1 | I84: 5 | J84: =IF(MAX(G84:I84)=0,"",MAX(G84:I84)) -> 5 | K84: 1 | L84: =IFERROR(J84*K84,"") -> 5 | M84: Vendor's engineers and technicians are carefully selected and pre-authorised to work in sensitive areas within Dodid. | N84: Selection of controls | O84: Supplier Security Policy (ISMS-08) | Q84: Implemented
F85: =IF($C85<>"",C85,"") | J85: =IF(MAX(G85:I85)=0,"",MAX(G85:I85)) | L85: =IFERROR(J85*K85,"")
A86: 8 | B86: ACS-CCTV server | C86: HFM | D86: hacking or virus attack | E86: Confidential information will available to unauthorized persons. Integrity of confidential information and intellectual property may be compromised. | F86: FAM | G86: 5 | H86: 5 | I86: 5 | J86: =IF(MAX(G86:I86)=0,"",MAX(G86:I86)) -> 5 | K86: 1 | L86: =IFERROR(J86*K86,"") -> 5 | M86: Anti-virus installed and regular updates for virus signatures and application upgrades. | N86: Selection of controls | O86: Procedures for Working in Secure Areas (ISMS-12) | Q86: Implemented
D87: malicious code | E87: inadequate change control | F87: =IF($C87<>"",C87,"") | G87: 1 | H87: 1 | I87: 5 | J87: =IF(MAX(G87:I87)=0,"",MAX(G87:I87)) -> 5 | K87: 1 | L87: =IFERROR(J87*K87,"") -> 5 | M87: Firmware, system software and application updates and patches are tested separately at the vendor's test environment before they are installed in Dodid. | N87: Selection of controls | O87: Secure Development Policy (ISMS-07) | Q87: Implemented
D88: equipment failure | E88: inadequate maintenance | F88: =IF($C88<>"",C88,"") | G88: 1 | H88: 1 | I88: 5 | J88: =IF(MAX(G88:I88)=0,"",MAX(G88:I88)) -> 5 | K88: 1 | L88: =IFERROR(J88*K88,"") -> 5 | M88: Regular maintenance for firewall hardware and software. | N88: Selection of controls | O88: Operating Procedures for Information and Communication Technology (ISMS-14) | Q88: Implemented
D89: equipment failure | E89: location sensitive to water leakage | G89: 1 | H89: 1 | I89: 5 | J89: =IF(MAX(G89:I89)=0,"",MAX(G89:I89)) -> 5 | K89: 1 | L89: =IFERROR(J89*K89,"") -> 5 | M89: System is not located near or under any water pipes. | N89: Selection of controls | O89: Operating Procedures for Information and Communication Technology (ISMS-14) | Q89: Implemented
D90: equipment failure | E90: sensitivity of equipment to temperature | G90: 1 | H90: 1 | I90: 5 | J90: =IF(MAX(G90:I90)=0,"",MAX(G90:I90)) -> 5 | K90: 1 | L90: =IFERROR(J90*K90,"") -> 5 | M90: System is located in NER rooms which have adequate air-conditioning units operating 24/7 daily. | N90: Selection of controls | O90: Operating Procedures for Information and Communication Technology (ISMS-14) | Q90: Implemented
D91: equipment failure | E91: sensitivity of equipment to voltage change | G91: 1 | H91: 1 | I91: 5 | J91: =IF(MAX(G91:I91)=0,"",MAX(G91:I91)) -> 5 | K91: 1 | L91: =IFERROR(J91*K91,"") -> 5 | M91: Power supply to racks are supplied by circuits with industially proven power stabilizers and controllers. | N91: Selection of controls | O91: Operating Procedures for Information and Communication Technology (ISMS-14) | Q91: Implemented
D92: fire | E92: location sensitive to natural disasters | F92: =IF($C92<>"",C92,"") | G92: 1 | H92: 1 | I92: 5 | J92: =IF(MAX(G92:I92)=0,"",MAX(G92:I92)) -> 5 | K92: 1 | L92: =IFERROR(J92*K92,"") -> 5 | M92: fire protection according to FSB requirements; fire extinguishers and hose reels are placed in selected areas. | N92: Risk acceptance | O92: Risk Assessment and Treatment Methodology (ISMS-02) | Q92: Annual review
D93: interruption of power supply | E93: sensitivity of equipment to voltage change | F93: =IF($C93<>"",C93,"") | G93: 1 | H93: 1 | I93: 5 | J93: =IF(MAX(G93:I93)=0,"",MAX(G93:I93)) -> 5 | K93: 1 | L93: =IFERROR(J93*K93,"") -> 5 | M93: Building electrical power supply system and sources are reliable. | N93: Risk acceptance | O93: Risk Assessment and Treatment Methodology (ISMS-02) | Q93: Annual review
D94: damage incurred during penetration testing | E94: inadequate network management | F94: =IF($C94<>"",C94,"") | G94: 1 | H94: 1 | I94: 5 | J94: =IF(MAX(G94:I94)=0,"",MAX(G94:I94)) -> 5 | K94: 1 | L94: =IFERROR(J94*K94,"") -> 5 | M94: Experienced and qualified cyber specialists are carefully selected and engaged to conduct this test. | N94: Selection of controls | O94: Procedures for Working in Secure Areas (ISMS-12) | Q94: Implemented
D95: malicious code | E95: inadequate change control | F95: =IF($C95<>"",C95,"") | G95: 1 | H95: 1 | I95: 5 | J95: =IF(MAX(G95:I95)=0,"",MAX(G95:I95)) -> 5 | K95: 1 | L95: =IFERROR(J95*K95,"") -> 5 | M95: Patches and updates for firwall are tested in the vendor's test lab before they are rolled out to Dodid. | N95: Selection of controls | O95: Secure Development Policy (ISMS-07) | Q95: Implemented
D96: unauthorized network access | E96: inadequate supervision of external suppliers | F96: =IF($C96<>"",C96,"") | G96: 1 | H96: 1 | I96: 5 | J96: =IF(MAX(G96:I96)=0,"",MAX(G96:I96)) -> 5 | K96: 1 | L96: =IFERROR(J96*K96,"") -> 5 | M96: Vendor's engineers and technicians are carefully selected and pre-authorised to work in sensitive areas within Dodid. | N96: Selection of controls | O96: Supplier Security Policy (ISMS-08) | Q96: Implemented
F97: =IF($C97<>"",C97,"") | J97: =IF(MAX(G97:I97)=0,"",MAX(G97:I97)) | L97: =IFERROR(J97*K97,"")
A98: 9 | B98: ACS-CCTV core switch | C98: HFM | D98: hacking or virus attack | E98: Confidential information will available to unauthorized persons. Integrity of confidential information and intellectual property may be compromised. | F98: FAM | G98: 5 | H98: 5 | I98: 5 | J98: =IF(MAX(G98:I98)=0,"",MAX(G98:I98)) -> 5 | K98: 1 | L98: =IFERROR(J98*K98,"") -> 5 | M98: Anti-virus installed and regular updates for virus signatures and application upgrades. | N98: Selection of controls | O98: Procedures for Working in Secure Areas (ISMS-12) | Q98: Implemented
D99: malicious code | E99: inadequate change control | F99: =IF($C99<>"",C99,"") | G99: 1 | H99: 1 | I99: 5 | J99: =IF(MAX(G99:I99)=0,"",MAX(G99:I99)) -> 5 | K99: 1 | L99: =IFERROR(J99*K99,"") -> 5 | M99: Firmware, system software and application updates and patches are tested separately at the vendor's test environment before they are installed in Dodid. | N99: Selection of controls | O99: Secure Development Policy (ISMS-07) | Q99: Implemented
D100: equipment failure | E100: inadequate maintenance | F100: =IF($C100<>"",C100,"") | G100: 1 | H100: 1 | I100: 5 | J100: =IF(MAX(G100:I100)=0,"",MAX(G100:I100)) -> 5 | K100: 1 | L100: =IFERROR(J100*K100,"") -> 5 | M100: Regular maintenance for firewall hardware and software. | N100: Selection of controls | O100: Operating Procedures for Information and Communication Technology (ISMS-14) | Q100: Implemented
D101: equipment failure | E101: location sensitive to water leakage | G101: 1 | H101: 1 | I101: 5 | J101: =IF(MAX(G101:I101)=0,"",MAX(G101:I101)) -> 5 | K101: 1 | L101: =IFERROR(J101*K101,"") -> 5 | M101: System is not located near or under any water pipes. | N101: Selection of controls | O101: Operating Procedures for Information and Communication Technology (ISMS-14) | Q101: Implemented
D102: equipment failure | E102: sensitivity of equipment to temperature | G102: 1 | H102: 1 | I102: 5 | J102: =IF(MAX(G102:I102)=0,"",MAX(G102:I102)) -> 5 | K102: 1 | L102: =IFERROR(J102*K102,"") -> 5 | M102: System is located in NER rooms which have adequate air-conditioning units operating 24/7 daily. | N102: Selection of controls | O102: Operating Procedures for Information and Communication Technology (ISMS-14) | Q102: Implemented
D103: equipment failure | E103: sensitivity of equipment to voltage change | G103: 1 | H103: 1 | I103: 5 | J103: =IF(MAX(G103:I103)=0,"",MAX(G103:I103)) -> 5 | K103: 1 | L103: =IFERROR(J103*K103,"") -> 5 | M103: Power supply to racks are supplied by circuits with industially proven power stabilizers and controllers. | N103: Selection of controls | O103: Operating Procedures for Information and Communication Technology (ISMS-14) | Q103: Implemented
...

Sheet RA-RTP (3)
A1: Risk Assessment | N1: Risk Treatment Plan
A2: No | B2: Asset name Asset type | C2: Asset owner | D2: Threat | E2: Vulnerability | F2: Risk owner | G2: Confiden-tiality | H2: Integrity | I2: Availability | J2: Impact Severity | K2: Likelihood | L2: Risk | M2: Existing controls | N2: Selection of options | O2: Implementation approach | P2: By Whom | Q2: Status | R2: Next Follow-up date
A3: 1 | B3: Email server | C3: CEO | D3: hacking or virus attack | E3: Confidential information will available to unauthorized persons Email records or data may be modified (loss of data integrity) Email application service and database may be disrupted (unavailable) | F3: CEO | G3: 5 | H3: 5 | I3: 5 | J3: =IF(MAX(G3:I3)=0,"",MAX(G3:I3)) -> 5 | K3: 1 | L3: =IFERROR(J3*K3,"") -> 5 | M3: Anti-virus installed and regular updates for virus signatures and application upgrades. | N3: Selection of controls | O3: Conduct VAPT; determine and close weaknesses (if any) | P3: CEO | Q3: Implemented | R3: 43445
D4: application errors | E4: inadequate change control | F4: =IF($C4<>"",C4,"") | G4: 1 | H4: 1 | I4: 5 | J4: =IF(MAX(G4:I4)=0,"",MAX(G4:I4)) -> 5 | K4: 1 | L4: =IFERROR(J4*K4,"") -> 5 | M4: Critical updates and patches are tested by the vendor; then they are applied to Dodid's email server. | N4: Selection of controls | O4: Secure Development Policy (ISMS-07) | Q4: Implemented
D5: equipment failure | E5: inadequate maintenance | F5: =IF($C5<>"",C5,"") | G5: 1 | H5: 1 | I5: 5 | J5: =IF(MAX(G5:I5)=0,"",MAX(G5:I5)) -> 5 | K5: 1 | L5: =IFERROR(J5*K5,"") -> 5 | M5: Regular maintenance on essential IT and technology equipment. Implement ICT DR server for email. | N5: Selection of controls | O5: Operating Procedures for Information and Communication Technology (ISMS-14) | Q5: Implemented
D6: equipment failure | E6: location sensitive to water leakage | G6: 1 | H6: 1 | I6: 5 | J6: =IF(MAX(G6:I6)=0,"",MAX(G6:I6)) -> 5 | K6: 1 | L6: =IFERROR(J6*K6,"") -> 5 | M6: Ensure server rooms do not have water pipes running through or near by. | N6: Selection of controls | O6: Operating Procedures for Information and Communication Technology (ISMS-14) | Q6: Implemented
D7: equipment failure | E7: sensitivity of equipment to temperature | G7: 1 | H7: 1 | I7: 5 | J7: =IF(MAX(G7:I7)=0,"",MAX(G7:I7)) -> 5 | K7: 1 | L7: =IFERROR(J7*K7,"") -> 5 | M7: Computer server rooms have adequate air-conditioning units operating 24/7 daily. | N7: Selection of controls | O7: Operating Procedures for Information and Communication Technology (ISMS-14) | Q7: Implemented
D8: equipment failure | E8: sensitivity of equipment to voltage change | G8: 1 | H8: 1 | I8: 5 | J8: =IF(MAX(G8:I8)=0,"",MAX(G8:I8)) -> 5 | K8: 1 | L8: =IFERROR(J8*K8,"") -> 5 | M8: Power supply to racks are supplied by circuits with industially proven power stabilizers and controllers. | N8: Selection of controls | O8: Operating Procedures for Information and Communication Technology (ISMS-14) | Q8: Implemented
D9: fire | E9: location sensitive to natural disasters | F9: =IF($C9<>"",C9,"") | G9: 1 | H9: 1 | I9: 5 | J9: =IF(MAX(G9:I9)=0,"",MAX(G9:I9)) -> 5 | K9: 1 | L9: =IFERROR(J9*K9,"") -> 5 | M9: fire protection according to FSB requirements; fire extinguishers and hose reels are placed in selected areas. Servers in the data centre are protected by gas and water fire suppression protection systems. | N9: Risk acceptance | O9: Risk Assessment and Treatment Methodology (ISMS-02) | Q9: Annual review
D10: interruption of power supply | E10: sensitivity of equipment to voltage change | F10: =IF($C10<>"",C10,"") | G10: 1 | H10: 1 | I10: 5 | J10: =IF(MAX(G10:I10)=0,"",MAX(G10:I10)) -> 5 | K10: 1 | L10: =IFERROR(J10*K10,"") -> 5 | M10: Building electrical power supply system and sources are reliable. Data centre also has backup generator and UPS systems to prevent blackouts. | N10: Risk acceptance | O10: Risk Assessment and Treatment Methodology (ISMS-02) | Q10: Annual review
D11: misuse of information systems | E11: inadequate level of knowledge and/or awareness of employees | F11: =IF($C11<>"",C11,"") | G11: 5 | H11: 1 | I11: 1 | J11: =IF(MAX(G11:I11)=0,"",MAX(G11:I11)) -> 5 | K11: 1 | L11: =IFERROR(J11*K11,"") -> 5 | M11: Adequate IS policy, procedures and controls are implemented – staff will be trained be made more aware of IS and cyberattacks. | N11: Selection of controls | O11: Information Security Policy (ISMS-01) | Q11: Implemented
D12: misuse of information systems | E12: inadequate supervision of external suppliers | F12: =IF($C12<>"",C12,"") | G12: 5 | H12: 5 | I12: 5 | J12: =IF(MAX(G12:I12)=0,"",MAX(G12:I12)) -> 5 | K12: 1 | L12: =IFERROR(J12*K12,"") -> 5 | M12: Adequate IS policy, procedures and controls are implemented. Only pre-authorised technicians, engineers and other staff will be granted access to sensitive areas. | N12: Selection of controls | O12: Supplier Security Policy (ISMS-08) | Q12: Implemented
D13: deterioration of media | E13: email records may be lost or corrupted | F13: =IF($C13<>"",C13,"") | G13: 1 | H13: 1 | I13: 5 | J13: =IF(MAX(G13:I13)=0,"",MAX(G13:I13)) -> 5 | K13: 1 | L13: =IFERROR(J13*K13,"") -> 5 | M13: Storage for email records use RAID. Users are required to save critical information and files in the department shared folders. | N13: Selection of controls | O13: Operating Procedures for Information and Communication Technology (ISMS-14) | Q13: Implemented
D14: information interception | E14: Confidential information will available to unauthorized persons. Email records or data may be modified (loss of data integrity). Information obtained may be used to commit fraud or crimes. Stolen intellectual property may be used against the company or disadvantage the company in business deals. | F14: =IF($C14<>"",C14,"") | G14: 5 | H14: 5 | I14: 1 | J14: =IF(MAX(G14:I14)=0,"",MAX(G14:I14)) -> 5 | K14: 1 | L14: =IFERROR(J14*K14,"") -> 5 | M14: Confidential information and intellectual property transmitted file attachments in emails will be encrypted using standard zip tools with passwords; which will be transmitted separately. | N14: Selection of controls | O14: Policy on the Use of Cryptographic Controls (ISMS-09) | Q14: Implemented
A15: 2 | B15: BMS main server | C15: HFM | D15: hacking or virus attack | E15: Sensitive information about the facilities will be available to unauthorized persons. Performance or status of fixed and movable assets may be modified. Hackers may seize control of critical fixed and movable assets connected to the BMS. The system configuration and database may also be damaged or destroyed (loss). | F15: FAM | G15: 5 | H15: 5 | I15: 5 | J15: =IF(MAX(G15:I15)=0,"",MAX(G15:I15)) -> 5 | K15: 1 | L15: =IFERROR(J15*K15,"") -> 5 | M15: Anti-virus installed and regular updates for virus signatures and application upgrades. BMS servers and PCs are connected via a dedicated network; that is not connected to the corporate (or office administration) LAN, and internet. | N15: Selection of controls | O15: Procedures for Working in Secure Areas (ISMS-12) | Q15: Implemented
D16: equipment failure | E16: inadequate maintenance | F16: =IF($C16<>"",C16,"") | G16: 1 | H16: 1 | I16: 5 | J16: =IF(MAX(G16:I16)=0,"",MAX(G16:I16)) -> 5 | K16: 1 | L16: =IFERROR(J16*K16,"") -> 5 | M16: Regular maintenance is carried out on the BMS server. | N16: Selection of controls | O16: Operating Procedures for Information and Communication Technology (ISMS-14) | Q16: Implemented
D17: equipment failure | E17: location sensitive to water leakage | G17: 1 | H17: 1 | I17: 5 | J17: =IF(MAX(G17:I17)=0,"",MAX(G17:I17)) -> 5 | K17: 1 | L17: =IFERROR(J17*K17,"") -> 5 | M17: BMS server is located in the NER; i.e. no piping inside or around the area. | N17: Selection of controls | O17: Operating Procedures for Information and Communication Technology (ISMS-14) | Q17: Implemented
D18: equipment failure | E18: sensitivity of equipment to temperature | G18: 1 | H18: 1 | I18: 5 | J18: =IF(MAX(G18:I18)=0,"",MAX(G18:I18)) -> 5 | K18: 1 | L18: =IFERROR(J18*K18,"") -> 5 | M18: Adequate air-conditioning units operates 24/7 daily to provide optimum operating temperatures. | N18: Selection of controls | O18: Operating Procedures for Information and Communication Technology (ISMS-14) | Q18: Implemented
D19: equipment failure | E19: sensitivity of equipment to voltage change | G19: 1 | H19: 1 | I19: 5 | J19: =IF(MAX(G19:I19)=0,"",MAX(G19:I19)) -> 5 | K19: 1 | L19: =IFERROR(J19*K19,"") -> 5 | M19: Power supply to racks are supplied by circuits with industrially proven power stabilizers and controllers. | N19: Selection of controls | O19: Operating Procedures for Information and Communication Technology (ISMS-14) | Q19: Implemented
D20: fire | E20: location sensitive to natural disasters | F20: =IF($C20<>"",C20,"") | G20: 1 | H20: 1 | I20: 5 | J20: =IF(MAX(G20:I20)=0,"",MAX(G20:I20)) -> 5 | K20: 1 | L20: =IFERROR(J20*K20,"") -> 5 | M20: Fire protection according to FSB requirements; fire extinguishers and hose reels are placed in common areas. Servers in the data centre are protected by gas and water fire suppression protection systems. | N20: Risk acceptance | O20: Risk Assessment and Treatment Methodology (ISMS-02) | Q20: Annual review
D21: interruption of power supply | E21: sensitivity of equipment to voltage change | F21: =IF($C21<>"",C21,"") | G21: 1 | H21: 1 | I21: 5 | J21: =IF(MAX(G21:I21)=0,"",MAX(G21:I21)) -> 5 | K21: 1 | L21: =IFERROR(J21*K21,"") -> 5 | M21: Building electrical power supply system and sources are reliable. Data centre also has backup generator and UPS systems to prevent blackouts. | N21: Risk acceptance | O21: Risk Assessment and Treatment Methodology (ISMS-02) | Q21: Annual review
D22: misuse of information systems | E22: inadequate level of knowledge and/or awareness of employees | F22: =IF($C22<>"",C22,"") | G22: 5 | H22: 1 | I22: 1 | J22: =IF(MAX(G22:I22)=0,"",MAX(G22:I22)) -> 5 | K22: 1 | L22: =IFERROR(J22*K22,"") -> 5 | M22: BMS is configured only to monitor the performance of the assets. Staff and vendors using the BMS are pre-authorised and trained. | N22: Selection of controls | O22: Information Security Policy (ISMS-01) | Q22: Implemented
D23: misuse of information systems | E23: inadequate supervision of external suppliers | F23: =IF($C23<>"",C23,"") | G23: 5 | H23: 5 | I23: 5 | J23: =IF(MAX(G23:I23)=0,"",MAX(G23:I23)) -> 5 | K23: 1 | L23: =IFERROR(J23*K23,"") -> 5 | M23: Adequate IS policy, procedures and controls are implemented. Only pre-authorised technicians, engineers and other staff will be granted access to sensitive areas. | N23: Selection of controls | O23: Information Security Policy (ISMS-01) | Q23: Implemented
D24: application errors | E24: inadequate change control | G24: 1 | H24: 1 | I24: 5 | J24: =IF(MAX(G24:I24)=0,"",MAX(G24:I24)) -> 5 | K24: 1 | L24: =IFERROR(J24*K24,"") -> 5 | M24: Updates and patches are tested by pre-authorised technicians or engineers. These are applied only after they are tested in the vendors' test environment. | N24: Selection of controls | O24: Secure Development Policy (ISMS-07) | Q24: Implemented
A25: 3 | B25: BMS workstation | C25: HFM | D25: hacking or virus attack | E25: Sensitive information about the facilities will be available to unauthorized persons. Performance or status of fixed and movable assets may be modified. Hackers may seize control of critical fixed and movable assets connected to the BMS. The system configuration and database may also be damaged or destroyed (loss). | F25: FAM | G25: 5 | H25: 5 | I25: 5 | J25: =IF(MAX(G25:I25)=0,"",MAX(G25:I25)) -> 5 | K25: 1 | L25: =IFERROR(J25*K25,"") -> 5 | M25: Anti-virus installed and regular updates for virus signatures and application upgrades. BMS servers and PCs run on a separate network; that is not connected to the corporate (or office administration) LAN, and internet. | N25: Selection of controls | O25: Procedures for Working in Secure Areas (ISMS-12) | Q25: Implemented
D26: equipment failure | E26: inadequate change control | F26: =IF($C26<>"",C26,"") | G26: 1 | H26: 1 | I26: 5 | J26: =IF(MAX(G26:I26)=0,"",MAX(G26:I26)) -> 5 | K26: 1 | L26: =IFERROR(J26*K26,"") -> 5 | M26: Updates and patches are tested by pre-authorised technicians or engineers. These are applied only after they are tested in the vendors' test environment. | N26: Selection of controls | O26: Operating Procedures for Information and Communication Technology (ISMS-14) | Q26: Implemented
D27: equipment failure | E27: inadequate maintenance | F27: =IF($C27<>"",C27,"") | G27: 1 | H27: 1 | I27: 5 | J27: =IF(MAX(G27:I27)=0,"",MAX(G27:I27)) -> 5 | K27: 1 | L27: =IFERROR(J27*K27,"") -> 5 | M27: Regular maintenance is carried out on the BMS PC. | N27: Selection of controls | O27: Operating Procedures for Information and Communication Technology (ISMS-14) | Q27: Implemented
D28: equipment failure | E28: location sensitive to water leakage | G28: 1 | H28: 1 | I28: 5 | J28: =IF(MAX(G28:I28)=0,"",MAX(G28:I28)) -> 5 | K28: 1 | L28: =IFERROR(J28*K28,"") -> 5 | M28: BMS PC is located in the NOC; i.e. no piping inside or around the area. | N28: Selection of controls | O28: Operating Procedures for Information and Communication Technology (ISMS-14) | Q28: Implemented
D29: equipment failure | E29: sensitivity of equipment to temperature | G29: 1 | H29: 1 | I29: 5 | J29: =IF(MAX(G29:I29)=0,"",MAX(G29:I29)) -> 5 | K29: 1 | L29: =IFERROR(J29*K29,"") -> 5 | M29: Adequate air-conditioning units operates 24/7 daily to provide optimum operating temperatures. | N29: Selection of controls | O29: Operating Procedures for Information and Communication Technology (ISMS-14) | Q29: Implemented
D30: equipment failure | E30: sensitivity of equipment to voltage change | G30: 1 | H30: 1 | I30: 5 | J30: =IF(MAX(G30:I30)=0,"",MAX(G30:I30)) -> 5 | K30: 1 | L30: =IFERROR(J30*K30,"") -> 5 | M30: Power supply to racks are supplied by circuits with industrially proven power stabilizers and controllers. | N30: Risk acceptance | O30: Risk Assessment and Treatment Methodology (ISMS-02) | Q30: Annual review
D31: fire | E31: location sensitive to natural disasters | F31: =IF($C31<>"",C31,"") | G31: 1 | H31: 1 | I31: 5 | J31: =IF(MAX(G31:I31)=0,"",MAX(G31:I31)) -> 5 | K31: 1 | L31: =IFERROR(J31*K31,"") -> 5 | M31: Fire protection according to FSB requirements; fire extinguishers and hose reels are placed in common areas. Servers in the data centre are protected by gas and water fire suppression protection systems. | N31: Risk acceptance | O31: Risk Assessment and Treatment Methodology (ISMS-02) | Q31: Annual review
D32: interruption of power supply | E32: sensitivity of equipment to voltage change | F32: =IF($C32<>"",C32,"") | G32: 1 | H32: 1 | I32: 5 | J32: =IF(MAX(G32:I32)=0,"",MAX(G32:I32)) -> 5 | K32: 1 | L32: =IFERROR(J32*K32,"") -> 5 | M32: Building electrical power supply system and sources are reliable. Data centre also has backup generator and UPS systems to prevent blackouts. | N32: Selection of controls | O32: Risk Assessment and Treatment Methodology (ISMS-02) | Q32: Annual review
D33: misuse of information systems | E33: inadequate level of knowledge and/or awareness of employees | F33: =IF($C33<>"",C33,"") | G33: 5 | H33: 1 | I33: 1 | J33: =IF(MAX(G33:I33)=0,"",MAX(G33:I33)) -> 5 | K33: 1 | L33: =IFERROR(J33*K33,"") -> 5 | M33: BMS is configured only to monitor the performance of the assets. Staff and vendors using the BMS are pre-authorised and trained. | N33: Selection of controls | O33: Information Security Policy (ISMS-01) | Q33: Implemented
D34: misuse of information systems | E34: inadequate supervision of external suppliers | F34: =IF($C34<>"",C34,"") | G34: 5 | H34: 5 | I34: 5 | J34: =IF(MAX(G34:I34)=0,"",MAX(G34:I34)) -> 5 | K34: 1 | L34: =IFERROR(J34*K34,"") -> 5 | M34: Adequate IS policy, procedures and controls are implemented. Only pre-authorised technicians, engineers and other staff will be granted access to sensitive areas. | N34: Selection of controls | O34: Supplier Security Policy (ISMS-08) | Q34: Implemented
A37: 4 | B37: Office Work PC | C37: Staff | D37: hacking or virus attack | E37: Confidential information will available to unauthorized persons. Integrity of confidential information and intellectual property may be compromised. | F37: CEO | G37: 5 | H37: 5 | I37: 5 | J37: =IF(MAX(G37:I37)=0,"",MAX(G37:I37)) -> 5 | K37: 1 | L37: =IFERROR(J37*K37,"") -> 5 | M37: Anti-virus installed and regular updates for virus signatures and application upgrades. | N37: Selection of controls | O37: Determine and "plug" weaknesses via VAPT | P37: CEO | Q37: WIP | R37: 43445
D38: malicious code | E38: inadequate change control | F38: =IF($C38<>"",C38,"") | G38: 1 | H38: 1 | I38: 5 | J38: =IF(MAX(G38:I38)=0,"",MAX(G38:I38)) -> 5 | K38: 1 | L38: =IFERROR(J38*K38,"") -> 5 | M38: Application and system updates are tested separately before they are rolled out to staff. | N38: Selection of controls | O38: Operating Procedures for Information and Communication Technology (ISMS-14) | Q38: Implemented
D39: equipment failure | E39: inadequate maintenance | F39: =IF($C39<>"",C39,"") | G39: 1 | H39: 1 | I39: 5 | J39: =IF(MAX(G39:I39)=0,"",MAX(G39:I39)) -> 5 | K39: 1 | L39: =IFERROR(J39*K39,"") -> 5 | M39: Regular maintenance on PCs. | N39: Selection of controls | O39: Operating Procedures for Information and Communication Technology (ISMS-14) | Q39: Implemented
D40: equipment failure | E40: location sensitive to water leakage | G40: 1 | H40: 1 | I40: 5 | J40: =IF(MAX(G40:I40)=0,"",MAX(G40:I40)) -> 5 | K40: 1 | L40: =IFERROR(J40*K40,"") -> 5 | M40: Offices for staff are not located near or under any water pipes. | N40: Selection of controls | O40: Operating Procedures for Information and Communication Technology (ISMS-14) | Q40: Implemented
D41: equipment failure | E41: sensitivity of equipment to temperature | G41: 1 | H41: 1 | I41: 5 | J41: =IF(MAX(G41:I41)=0,"",MAX(G41:I41)) -> 5 | K41: 1 | L41: =IFERROR(J41*K41,"") -> 5 | M41: Computer server rooms have adequate air-conditioning units operating 24/7 daily. | N41: Selection of controls | O41: Operating Procedures for Information and Communication Technology (ISMS-14) | Q41: Implemented
D42: equipment failure | E42: sensitivity of equipment to voltage change | G42: 1 | H42: 1 | I42: 5 | J42: =IF(MAX(G42:I42)=0,"",MAX(G42:I42)) -> 5 | K42: 1 | L42: =IFERROR(J42*K42,"") -> 5 | M42: Power supply to racks are supplied by circuits with industially proven power stabilizers and controllers. | N42: Risk acceptance | O42: Operating Procedures for Information and Communication Technology (ISMS-14) | Q42: Implemented
D43: fire | E43: location sensitive to natural disasters | F43: =IF($C43<>"",C43,"") | G43: 1 | H43: 1 | I43: 5 | J43: =IF(MAX(G43:I43)=0,"",MAX(G43:I43)) -> 5 | K43: 1 | L43: =IFERROR(J43*K43,"") -> 5 | M43: fire protection according to FSB requirements; fire extinguishers and hose reels are placed in selected areas. | N43: Risk acceptance | O43: Risk Assessment and Treatment Methodology (ISMS-02) | Q43: Annual review
D44: interruption of power supply | E44: sensitivity of equipment to voltage change | F44: =IF($C44<>"",C44,"") | G44: 1 | H44: 1 | I44: 5 | J44: =IF(MAX(G44:I44)=0,"",MAX(G44:I44)) -> 5 | K44: 1 | L44: =IFERROR(J44*K44,"") -> 5 | M44: Building electrical power supply system and sources are reliable. | N44: Risk acceptance | O44: Risk Assessment and Treatment Methodology (ISMS-02) | Q44: Annual review
D45: misuse of information systems | E45: inadequate level of knowledge and/or awareness of employees | F45: =IF($C45<>"",C45,"") | G45: 5 | H45: 1 | I45: 1 | J45: =IF(MAX(G45:I45)=0,"",MAX(G45:I45)) -> 5 | K45: 1 | L45: =IFERROR(J45*K45,"") -> 5 | M45: Adequate IS policy, procedures and controls are implemented – staff will be trained be made more aware of IS and cyberattacks. | N45: Selection of controls | O45: Information Security Policy (ISMS-01) | Q45: Implemented
D46: misuse of information systems | E46: inadequate supervision of external suppliers | F46: =IF($C46<>"",C46,"") | G46: 5 | H46: 5 | I46: 5 | J46: =IF(MAX(G46:I46)=0,"",MAX(G46:I46)) -> 5 | K46: 1 | L46: =IFERROR(J46*K46,"") -> 5 | M46: Adequate IS policy, procedures and controls are implemented. Only pre-authorised technicians, engineers and other staff will be granted access to sensitive areas. | N46: Selection of controls | O46: Supplier Security Policy (ISMS-08) | Q46: Implemented
D47: disclosure of passwords | E47: inadequate level of knowledge and/or awareness of employees | F47: =IF($C47<>"",C47,"") | G47: 5 | H47: 5 | I47: 1 | J47: =IF(MAX(G47:I47)=0,"",MAX(G47:I47)) -> 5 | K47: 1 | L47: =IFERROR(J47*K47,"") -> 5 | M47: Conduct appropriate IS training sessions to improve IS awareness and cultivate good IS practices. | N47: Selection of controls | O47: Information Security Policy (ISMS-01) | Q47: Implemented
D48: leakage/disclosure of information | E48: inadequate level of knowledge and/or awareness of employees | F48: =IF($C48<>"",C48,"") | G48: 5 | H48: 5 | I48: 1 | J48: =IF(MAX(G48:I48)=0,"",MAX(G48:I48)) -> 5 | K48: 1 | L48: =IFERROR(J48*K48,"") -> 5 | M48: Increase IS awareness and good pratices; like using standard zip tools with passwords to encrpyt confidential information and intellectual property transmitted file attachments in emails, and transmit passwords separately. | N48: Selection of controls | O48: Information Security Policy (ISMS-01) | Q48: Implemented
A49: 5 | B49: Firewall | C49: CEO | D49: hacking or virus attack | E49: Confidential information will available to unauthorized persons. Integrity of confidential information and intellectual property may be compromised. | F49: CEO | G49: 5 | H49: 5 | I49: 5 | J49: =IF(MAX(G49:I49)=0,"",MAX(G49:I49)) -> 5 | K49: 1 | L49: =IFERROR(J49*K49,"") -> 5 | M49: Anti-virus installed and regular updates for virus signatures and application upgrades. | N49: Selection of controls | O49: VAPT will be conducted to determine gaps, and identify actions to plug weaknesses | Q49: WIP | R49: 43445
D50: malicious code | E50: inadequate change control | F50: =IF($C50<>"",C50,"") | G50: 1 | H50: 1 | I50: 5 | J50: =IF(MAX(G50:I50)=0,"",MAX(G50:I50)) -> 5 | K50: 1 | L50: =IFERROR(J50*K50,"") -> 5 | M50: Firewall firmware updates and patches are tested separately at the vendor's test environment before they are installed in Dodid. | N50: Selection of controls | O50: Operating Procedures for Information and Communication Technology (ISMS-14) | Q50: Implemented
D51: equipment failure | E51: inadequate maintenance | F51: =IF($C51<>"",C51,"") | G51: 1 | H51: 1 | I51: 5 | J51: =IF(MAX(G51:I51)=0,"",MAX(G51:I51)) -> 5 | K51: 1 | L51: =IFERROR(J51*K51,"") -> 5 | M51: Regular maintenance for firewall hardware and software. | N51: Selection of controls | O51: Operating Procedures for Information and Communication Technology (ISMS-14) | Q51: Implemented
D52: equipment failure | E52: location sensitive to water leakage | G52: 1 | H52: 1 | I52: 5 | J52: =IF(MAX(G52:I52)=0,"",MAX(G52:I52)) -> 5 | K52: 1 | L52: =IFERROR(J52*K52,"") -> 5 | M52: Firewall is not located near or under any water pipes. | N52: Selection of controls | O52: Operating Procedures for Information and Communication Technology (ISMS-14) | Q52: Implemented
D53: equipment failure | E53: sensitivity of equipment to temperature | G53: 1 | H53: 1 | I53: 5 | J53: =IF(MAX(G53:I53)=0,"",MAX(G53:I53)) -> 5 | K53: 1 | L53: =IFERROR(J53*K53,"") -> 5 | M53: Firewall is located in server rooms which have adequate air-conditioning units operating 24/7 daily. | N53: Selection of controls | O53: Operating Procedures for Information and Communication Technology (ISMS-14) | Q53: Implemented
D54: equipment failure | E54: sensitivity of equipment to voltage change | G54: 1 | H54: 1 | I54: 5 | J54: =IF(MAX(G54:I54)=0,"",MAX(G54:I54)) -> 5 | K54: 1 | L54: =IFERROR(J54*K54,"") -> 5 | M54: Power supply to racks are supplied by circuits with industially proven power stabilizers and controllers. | N54: Selection of controls | O54: Operating Procedures for Information and Communication Technology (ISMS-14) | Q54: Implemented
D55: fire | E55: location sensitive to natural disasters | F55: =IF($C55<>"",C55,"") | G55: 1 | H55: 1 | I55: 5 | J55: =IF(MAX(G55:I55)=0,"",MAX(G55:I55)) -> 5 | K55: 1 | L55: =IFERROR(J55*K55,"") -> 5 | M55: fire protection according to FSB requirements; fire extinguishers and hose reels are placed in selected areas. | N55: Risk acceptance | O55: Risk Assessment and Treatment Methodology (ISMS-02) | Q55: Annual review
D56: interruption of power supply | E56: sensitivity of equipment to voltage change | F56: =IF($C56<>"",C56,"") | G56: 1 | H56: 1 | I56: 5 | J56: =IF(MAX(G56:I56)=0,"",MAX(G56:I56)) -> 5 | K56: 1 | L56: =IFERROR(J56*K56,"") -> 5 | M56: Building electrical power supply system and sources are reliable. | N56: Risk acceptance | O56: Risk Assessment and Treatment Methodology (ISMS-02) | Q56: Annual review
D57: damage incurred during penetration testing | E57: inadequate network management | F57: =IF($C57<>"",C57,"") | G57: 1 | H57: 1 | I57: 5 | J57: =IF(MAX(G57:I57)=0,"",MAX(G57:I57)) -> 5 | K57: 1 | L57: =IFERROR(J57*K57,"") -> 5 | M57: Experienced and qualified cyber specialists are carefully selected and engaged to conduct this test. | N57: Selection of controls | O57: Establish plan before conducting VAPT | Q57: Approved
D58: malicious code | E58: inadequate change control | F58: =IF($C58<>"",C58,"") | G58: 1 | H58: 1 | I58: 5 | J58: =IF(MAX(G58:I58)=0,"",MAX(G58:I58)) -> 5 | K58: 1 | L58: =IFERROR(J58*K58,"") -> 5 | M58: Patches and updates for firwall are tested in the vendor's test lab before they are rolled out to Dodid. | N58: Selection of controls | O58: Operating Procedures for Information and Communication Technology (ISMS-14) | Q58: Implemented
D59: unauthorized network access | E59: inadequate supervision of external suppliers | F59: =IF($C59<>"",C59,"") | G59: 1 | H59: 1 | I59: 5 | J59: =IF(MAX(G59:I59)=0,"",MAX(G59:I59)) -> 5 | K59: 1 | L59: =IFERROR(J59*K59,"") -> 5 | M59: Vendor's engineers and technicians are carefully selected and pre-authorised to work in sensitive areas within Dodid. | N59: Selection of controls | O59: Supplier Security Policy (ISMS-08) | Q59: Implemented
F60: =IF($C60<>"",C60,"") | J60: =IF(MAX(G60:I60)=0,"",MAX(G60:I60)) | L60: =IFERROR(J60*K60,"")
A61: 6 | B61: Router | C61: CEO | D61: hacking or virus attack | E61: Confidential information will available to unauthorized persons. Integrity of confidential information and intellectual property may be compromised. | F61: CEO | G61: 5 | H61: 5 | I61: 5 | J61: =IF(MAX(G61:I61)=0,"",MAX(G61:I61)) -> 5 | K61: 1 | L61: =IFERROR(J61*K61,"") -> 5 | M61: Anti-virus installed and regular updates for virus signatures and application upgrades. | N61: Selection of controls | O61: VAPT will be conducted to determine gaps, and identify actions to plug weaknesses | Q61: WIP | R61: 43445
D62: malicious code | E62: inadequate change control | F62: =IF($C62<>"",C62,"") | G62: 1 | H62: 1 | I62: 5 | J62: =IF(MAX(G62:I62)=0,"",MAX(G62:I62)) -> 5 | K62: 1 | L62: =IFERROR(J62*K62,"") -> 5 | M62: Firmware updates and patches are tested separately at the vendor's test environment before they are installed in Dodid. | N62: Selection of controls | O62: Operating Procedures for Information and Communication Technology (ISMS-14) | Q62: Implemented
D63: equipment failure | E63: inadequate maintenance | F63: =IF($C63<>"",C63,"") | G63: 1 | H63: 1 | I63: 5 | J63: =IF(MAX(G63:I63)=0,"",MAX(G63:I63)) -> 5 | K63: 1 | L63: =IFERROR(J63*K63,"") -> 5 | M63: Regular maintenance for device hardware and software. | N63: Selection of controls | O63: Operating Procedures for Information and Communication Technology (ISMS-14) | Q63: Implemented
D64: equipment failure | E64: location sensitive to water leakage | G64: 1 | H64: 1 | I64: 5 | J64: =IF(MAX(G64:I64)=0,"",MAX(G64:I64)) -> 5 | K64: 1 | L64: =IFERROR(J64*K64,"") -> 5 | M64: Device is not located near or under any water pipes. | N64: Selection of controls | O64: Operating Procedures for Information and Communication Technology (ISMS-14) | Q64: Implemented
D65: equipment failure | E65: sensitivity of equipment to temperature | G65: 1 | H65: 1 | I65: 5 | J65: =IF(MAX(G65:I65)=0,"",MAX(G65:I65)) -> 5 | K65: 1 | L65: =IFERROR(J65*K65,"") -> 5 | M65: Device is located in server rooms which have adequate air-conditioning units operating 24/7 daily. | N65: Selection of controls | O65: Operating Procedures for Information and Communication Technology (ISMS-14) | Q65: Implemented
D66: equipment failure | E66: sensitivity of equipment to voltage change | G66: 1 | H66: 1 | I66: 5 | J66: =IF(MAX(G66:I66)=0,"",MAX(G66:I66)) -> 5 | K66: 1 | L66: =IFERROR(J66*K66,"") -> 5 | M66: Power supply to racks are supplied by circuits with industially proven power stabilizers and controllers. | N66: Selection of controls | O66: Operating Procedures for Information and Communication Technology (ISMS-14) | Q66: Implemented
D67: fire | E67: location sensitive to natural disasters | F67: =IF($C67<>"",C67,"") | G67: 1 | H67: 1 | I67: 5 | J67: =IF(MAX(G67:I67)=0,"",MAX(G67:I67)) -> 5 | K67: 1 | L67: =IFERROR(J67*K67,"") -> 5 | M67: fire protection according to FSB requirements; fire extinguishers and hose reels are placed in selected areas. | N67: Risk acceptance | O67: Risk Assessment and Treatment Methodology (ISMS-02) | Q67: Annual review
D68: interruption of power supply | E68: sensitivity of equipment to voltage change | F68: =IF($C68<>"",C68,"") | G68: 1 | H68: 1 | I68: 5 | J68: =IF(MAX(G68:I68)=0,"",MAX(G68:I68)) -> 5 | K68: 1 | L68: =IFERROR(J68*K68,"") -> 5 | M68: Building electrical power supply system and sources are reliable. | N68: Risk acceptance | O68: Risk Assessment and Treatment Methodology (ISMS-02) | Q68: Annual review
D69: damage incurred during penetration testing | E69: inadequate network management | F69: =IF($C69<>"",C69,"") | G69: 1 | H69: 1 | I69: 5 | J69: =IF(MAX(G69:I69)=0,"",MAX(G69:I69)) -> 5 | K69: 1 | L69: =IFERROR(J69*K69,"") -> 5 | M69: Experienced and qualified cyber specialists are carefully selected and engaged to conduct this test. | N69: Selection of controls | O69: VAPT plan needs to be approved before test is conducted | P69: CEO | Q69: Approved | R69: 43445
D70: malicious code | E70: inadequate change control | F70: =IF($C70<>"",C70,"") | G70: 1 | H70: 1 | I70: 5 | J70: =IF(MAX(G70:I70)=0,"",MAX(G70:I70)) -> 5 | K70: 1 | L70: =IFERROR(J70*K70,"") -> 5 | M70: Patches and updates for firwall are tested in the vendor's test lab before they are rolled out to Dodid. | N70: Selection of controls | O70: Secure Development Policy (ISMS-07) | Q70: Implemented
D71: unauthorized network access | E71: inadequate supervision of external suppliers | F71: =IF($C71<>"",C71,"") | G71: 1 | H71: 1 | I71: 5 | J71: =IF(MAX(G71:I71)=0,"",MAX(G71:I71)) -> 5 | K71: 1 | L71: =IFERROR(J71*K71,"") -> 5 | M71: Vendor's engineers and technicians are carefully selected and pre-authorised to work in sensitive areas within Dodid. | N71: Selection of controls | O71: Supplier Security Policy (ISMS-08) | Q71: Implemented
F72: =IF($C72<>"",C72,"") | J72: =IF(MAX(G72:I72)=0,"",MAX(G72:I72)) | L72: =IFERROR(J72*K72,"")
A73: 7 | B73: NAS | C73: CEO | D73: hacking or virus attack | E73: Confidential information will available to unauthorized persons. Integrity of confidential information and intellectual property may be compromised. | F73: CEO | G73: 5 | H73: 5 | I73: 5 | J73: =IF(MAX(G73:I73)=0,"",MAX(G73:I73)) -> 5 | K73: 1 | L73: =IFERROR(J73*K73,"") -> 5 | M73: Anti-virus installed and regular updates for virus signatures and application upgrades. | N73: Selection of controls | O73: VAPT will be conducted to determine gaps, and identify actions to plug weaknesses | P73: CEO | Q73: WIP | R73: 43445
D74: malicious code | E74: inadequate change control | F74: =IF($C74<>"",C74,"") | G74: 1 | H74: 1 | I74: 5 | J74: =IF(MAX(G74:I74)=0,"",MAX(G74:I74)) -> 5 | K74: 1 | L74: =IFERROR(J74*K74,"") -> 5 | M74: Firmware updates and patches are tested separately at the vendor's test environment before they are installed in Dodid. | N74: Selection of controls | O74: Secure Development Policy (ISMS-07) | Q74: Implemented
D75: equipment failure | E75: inadequate maintenance | F75: =IF($C75<>"",C75,"") | G75: 1 | H75: 1 | I75: 5 | J75: =IF(MAX(G75:I75)=0,"",MAX(G75:I75)) -> 5 | K75: 1 | L75: =IFERROR(J75*K75,"") -> 5 | M75: Regular maintenance for device hardware and software. | N75: Selection of controls | O75: Operating Procedures for Information and Communication Technology (ISMS-14) | Q75: Implemented
D76: equipment failure | E76: location sensitive to water leakage | G76: 1 | H76: 1 | I76: 5 | J76: =IF(MAX(G76:I76)=0,"",MAX(G76:I76)) -> 5 | K76: 1 | L76: =IFERROR(J76*K76,"") -> 5 | M76: Device is not located near or under any water pipes. | N76: Selection of controls | O76: Operating Procedures for Information and Communication Technology (ISMS-14) | Q76: Implemented
D77: equipment failure | E77: sensitivity of equipment to temperature | G77: 1 | H77: 1 | I77: 5 | J77: =IF(MAX(G77:I77)=0,"",MAX(G77:I77)) -> 5 | K77: 1 | L77: =IFERROR(J77*K77,"") -> 5 | M77: Firewall is located in server rooms which have adequate air-conditioning units operating 24/7 daily. | N77: Selection of controls | O77: Operating Procedures for Information and Communication Technology (ISMS-14) | Q77: Implemented
D78: equipment failure | E78: sensitivity of equipment to voltage change | G78: 1 | H78: 1 | I78: 5 | J78: =IF(MAX(G78:I78)=0,"",MAX(G78:I78)) -> 5 | K78: 1 | L78: =IFERROR(J78*K78,"") -> 5 | M78: Power supply to racks are supplied by circuits with industially proven power stabilizers and controllers. | N78: Selection of controls | O78: Operating Procedures for Information and Communication Technology (ISMS-14) | Q78: Implemented
D79: fire | E79: location sensitive to natural disasters | F79: =IF($C79<>"",C79,"") | G79: 1 | H79: 1 | I79: 5 | J79: =IF(MAX(G79:I79)=0,"",MAX(G79:I79)) -> 5 | K79: 1 | L79: =IFERROR(J79*K79,"") -> 5 | M79: fire protection according to FSB requirements; fire extinguishers and hose reels are placed in selected areas. | N79: Risk acceptance | O79: Risk Assessment and Treatment Methodology (ISMS-02) | Q79: Annual review
D80: interruption of power supply | E80: sensitivity of equipment to voltage change | F80: =IF($C80<>"",C80,"") | G80: 1 | H80: 1 | I80: 5 | J80: =IF(MAX(G80:I80)=0,"",MAX(G80:I80)) -> 5 | K80: 1 | L80: =IFERROR(J80*K80,"") -> 5 | M80: Building electrical power supply system and sources are reliable. | N80: Risk acceptance | O80: Risk Assessment and Treatment Methodology (ISMS-02) | Q80: Annual review
D81: damage incurred during penetration testing | E81: inadequate network management | F81: =IF($C81<>"",C81,"") | G81: 1 | H81: 1 | I81: 5 | J81: =IF(MAX(G81:I81)=0,"",MAX(G81:I81)) -> 5 | K81: 1 | L81: =IFERROR(J81*K81,"") -> 5 | M81: Experienced and qualified cyber specialists are carefully selected and engaged to conduct this test. | N81: Selection of controls | O81: VAPT plan needs to be approved before test is conducted | P81: CEO | Q81: WIP | R81: 43445
D82: malicious code | E82: inadequate change control | F82: =IF($C82<>"",C82,"") | G82: 1 | H82: 1 | I82: 5 | J82: =IF(MAX(G82:I82)=0,"",MAX(G82:I82)) -> 5 | K82: 1 | L82: =IFERROR(J82*K82,"") -> 5 | M82: Patches and updates for device are tested in the vendor's test lab before they are rolled out to Dodid. | N82: Selection of controls | O82: Secure Development Policy (ISMS-07) | Q82: Implemented
D83: unauthorized network access | E83: inadequate supervision of external suppliers | F83: =IF($C83<>"",C83,"") | G83: 1 | H83: 1 | I83: 5 | J83: =IF(MAX(G83:I83)=0,"",MAX(G83:I83)) -> 5 | K83: 1 | L83: =IFERROR(J83*K83,"") -> 5 | M83: Vendor's engineers and technicians are carefully selected and pre-authorised to work in sensitive areas within Dodid. | N83: Selection of controls | O83: Supplier Security Policy (ISMS-08) | Q83: Implemented
F84: =IF($C84<>"",C84,"") | J84: =IF(MAX(G84:I84)=0,"",MAX(G84:I84)) | L84: =IFERROR(J84*K84,"")
A85: 8 | B85: ACS-CCTV server | C85: HFM | D85: hacking or virus attack | E85: Confidential information will available to unauthorized persons. Integrity of confidential information and intellectual property may be compromised. | F85: FAM | G85: 5 | H85: 5 | I85: 5 | J85: =IF(MAX(G85:I85)=0,"",MAX(G85:I85)) -> 5 | K85: 1 | L85: =IFERROR(J85*K85,"") -> 5 | M85: Anti-virus installed and regular updates for virus signatures and application upgrades. | N85: Selection of controls | O85: Procedures for Working in Secure Areas (ISMS-12) | Q85: Implemented
D86: malicious code | E86: inadequate change control | F86: =IF($C86<>"",C86,"") | G86: 1 | H86: 1 | I86: 5 | J86: =IF(MAX(G86:I86)=0,"",MAX(G86:I86)) -> 5 | K86: 1 | L86: =IFERROR(J86*K86,"") -> 5 | M86: Firmware, system software and application updates and patches are tested separately at the vendor's test environment before they are installed in Dodid. | N86: Selection of controls | O86: Secure Development Policy (ISMS-07) | Q86: Implemented
D87: equipment failure | E87: inadequate maintenance | F87: =IF($C87<>"",C87,"") | G87: 1 | H87: 1 | I87: 5 | J87: =IF(MAX(G87:I87)=0,"",MAX(G87:I87)) -> 5 | K87: 1 | L87: =IFERROR(J87*K87,"") -> 5 | M87: Regular maintenance for firewall hardware and software. | N87: Selection of controls | O87: Operating Procedures for Information and Communication Technology (ISMS-14) | Q87: Implemented
D88: equipment failure | E88: location sensitive to water leakage | G88: 1 | H88: 1 | I88: 5 | J88: =IF(MAX(G88:I88)=0,"",MAX(G88:I88)) -> 5 | K88: 1 | L88: =IFERROR(J88*K88,"") -> 5 | M88: System is not located near or under any water pipes. | N88: Selection of controls | O88: Operating Procedures for Information and Communication Technology (ISMS-14) | Q88: Implemented
D89: equipment failure | E89: sensitivity of equipment to temperature | G89: 1 | H89: 1 | I89: 5 | J89: =IF(MAX(G89:I89)=0,"",MAX(G89:I89)) -> 5 | K89: 1 | L89: =IFERROR(J89*K89,"") -> 5 | M89: System is located in NER rooms which have adequate air-conditioning units operating 24/7 daily. | N89: Selection of controls | O89: Operating Procedures for Information and Communication Technology (ISMS-14) | Q89: Implemented
D90: equipment failure | E90: sensitivity of equipment to voltage change | G90: 1 | H90: 1 | I90: 5 | J90: =IF(MAX(G90:I90)=0,"",MAX(G90:I90)) -> 5 | K90: 1 | L90: =IFERROR(J90*K90,"") -> 5 | M90: Power supply to racks are supplied by circuits with industially proven power stabilizers and controllers. | N90: Selection of controls | O90: Operating Procedures for Information and Communication Technology (ISMS-14) | Q90: Implemented
D91: fire | E91: location sensitive to natural disasters | F91: =IF($C91<>"",C91,"") | G91: 1 | H91: 1 | I91: 5 | J91: =IF(MAX(G91:I91)=0,"",MAX(G91:I91)) -> 5 | K91: 1 | L91: =IFERROR(J91*K91,"") -> 5 | M91: fire protection according to FSB requirements; fire extinguishers and hose reels are placed in selected areas. | N91: Risk acceptance | O91: Risk Assessment and Treatment Methodology (ISMS-02) | Q91: Annual review
D92: interruption of power supply | E92: sensitivity of equipment to voltage change | F92: =IF($C92<>"",C92,"") | G92: 1 | H92: 1 | I92: 5 | J92: =IF(MAX(G92:I92)=0,"",MAX(G92:I92)) -> 5 | K92: 1 | L92: =IFERROR(J92*K92,"") -> 5 | M92: Building electrical power supply system and sources are reliable. | N92: Risk acceptance | O92: Risk Assessment and Treatment Methodology (ISMS-02) | Q92: Annual review
D93: damage incurred during penetration testing | E93: inadequate network management | F93: =IF($C93<>"",C93,"") | G93: 1 | H93: 1 | I93: 5 | J93: =IF(MAX(G93:I93)=0,"",MAX(G93:I93)) -> 5 | K93: 1 | L93: =IFERROR(J93*K93,"") -> 5 | M93: Experienced and qualified cyber specialists are carefully selected and engaged to conduct this test. | N93: Selection of controls | O93: Procedures for Working in Secure Areas (ISMS-12) | Q93: Implemented
D94: malicious code | E94: inadequate change control | F94: =IF($C94<>"",C94,"") | G94: 1 | H94: 1 | I94: 5 | J94: =IF(MAX(G94:I94)=0,"",MAX(G94:I94)) -> 5 | K94: 1 | L94: =IFERROR(J94*K94,"") -> 5 | M94: Patches and updates for firwall are tested in the vendor's test lab before they are rolled out to Dodid. | N94: Selection of controls | O94: Secure Development Policy (ISMS-07) | Q94: Implemented
D95: unauthorized network access | E95: inadequate supervision of external suppliers | F95: =IF($C95<>"",C95,"") | G95: 1 | H95: 1 | I95: 5 | J95: =IF(MAX(G95:I95)=0,"",MAX(G95:I95)) -> 5 | K95: 1 | L95: =IFERROR(J95*K95,"") -> 5 | M95: Vendor's engineers and technicians are carefully selected and pre-authorised to work in sensitive areas within Dodid. | N95: Selection of controls | O95: Supplier Security Policy (ISMS-08) | Q95: Implemented
F96: =IF($C96<>"",C96,"") | J96: =IF(MAX(G96:I96)=0,"",MAX(G96:I96)) | L96: =IFERROR(J96*K96,"")
A97: 9 | B97: ACS-CCTV core switch | C97: HFM | D97: hacking or virus attack | E97: Confidential information will available to unauthorized persons. Integrity of confidential information and intellectual property may be compromised. | F97: FAM | G97: 5 | H97: 5 | I97: 5 | J97: =IF(MAX(G97:I97)=0,"",MAX(G97:I97)) -> 5 | K97: 1 | L97: =IFERROR(J97*K97,"") -> 5 | M97: Anti-virus installed and regular updates for virus signatures and application upgrades. | N97: Selection of controls | O97: Procedures for Working in Secure Areas (ISMS-12) | Q97: Implemented
D98: malicious code | E98: inadequate change control | F98: =IF($C98<>"",C98,"") | G98: 1 | H98: 1 | I98: 5 | J98: =IF(MAX(G98:I98)=0,"",MAX(G98:I98)) -> 5 | K98: 1 | L98: =IFERROR(J98*K98,"") -> 5 | M98: Firmware, system software and application updates and patches are tested separately at the vendor's test environment before they are installed in Dodid. | N98: Selection of controls | O98: Secure Development Policy (ISMS-07) | Q98: Implemented
D99: equipment failure | E99: inadequate maintenance | F99: =IF($C99<>"",C99,"") | G99: 1 | H99: 1 | I99: 5 | J99: =IF(MAX(G99:I99)=0,"",MAX(G99:I99)) -> 5 | K99: 1 | L99: =IFERROR(J99*K99,"") -> 5 | M99: Regular maintenance for firewall hardware and software. | N99: Selection of controls | O99: Operating Procedures for Information and Communication Technology (ISMS-14) | Q99: Implemented
D100: equipment failure | E100: location sensitive to water leakage | G100: 1 | H100: 1 | I100: 5 | J100: =IF(MAX(G100:I100)=0,"",MAX(G100:I100)) -> 5 | K100: 1 | L100: =IFERROR(J100*K100,"") -> 5 | M100: System is not located near or under any water pipes. | N100: Selection of controls | O100: Operating Procedures for Information and Communication Technology (ISMS-14) | Q100: Implemented
D101: equipment failure | E101: sensitivity of equipment to temperature | G101: 1 | H101: 1 | I101: 5 | J101: =IF(MAX(G101:I101)=0,"",MAX(G101:I101)) -> 5 | K101: 1 | L101: =IFERROR(J101*K101,"") -> 5 | M101: System is located in NER rooms which have adequate air-conditioning units operating 24/7 daily. | N101: Selection of controls | O101: Operating Procedures for Information and Communication Technology (ISMS-14) | Q101: Implemented
D102: equipment failure | E102: sensitivity of equipment to voltage change | G102: 1 | H102: 1 | I102: 5 | J102: =IF(MAX(G102:I102)=0,"",MAX(G102:I102)) -> 5 | K102: 1 | L102: =IFERROR(J102*K102,"") -> 5 | M102: Power supply to racks are supplied by circuits with industially proven power stabilizers and controllers. | N102: Selection of controls | O102: Operating Procedures for Information and Communication Technology (ISMS-14) | Q102: Implemented
...

Sheet Owners
A1: Asset & Risk Owners | B1: Abbrev
A2: All employees or staff | B2: Staff
A3: Application developers | B3: AD
A4: Devops System Administrator | B4: DSA
A5: Project Manager | B5: PM
A6: Software Engineer | B6: SE
A7: Technical Leader | B7: TL

Sheet Asset-types (check)
A1: Asset Name | B1: Description | C1: Position (row) no. | D1: Risk No.
A2: AV (computers) | B2: Anti virus and malware software for Windows PC, MacBook and Mac Mini computer systems | C2: =IF(AND($A2<>"",$B2<>""),IFERROR(MATCH(A2,'RA-RTP (2020)'!$B$1:$B$784,0),"no match"),"") -> 170 | D2: =IF(AND($A2<>"",$B2<>""),IFERROR(INDEX('RA-RTP (2020)'!$A$3:$A$784,MATCH(A2,'RA-RTP (2020)'!$B$3:$B$784,0)),"no match"),"") -> 30
A3: Cloud MS SQL server | B3: MS SQL server software (2000, 2017) | C3: =IF(AND($A3<>"",$B3<>""),IFERROR(MATCH(A3,'RA-RTP (2020)'!$B$1:$B$784,0),"no match"),"") -> 155 | D3: =IF(AND($A3<>"",$B3<>""),IFERROR(INDEX('RA-RTP (2020)'!$A$3:$A$784,MATCH(A3,'RA-RTP (2020)'!$B$3:$B$784,0)),"no match"),"") -> 21
A4: Cloud servers | B4: MS Windows server software (2003, 2012, 2016) | C4: =IF(AND($A4<>"",$B4<>""),IFERROR(MATCH(A4,'RA-RTP (2020)'!$B$1:$B$784,0),"no match"),"") -> 151 | D4: =IF(AND($A4<>"",$B4<>""),IFERROR(INDEX('RA-RTP (2020)'!$A$3:$A$784,MATCH(A4,'RA-RTP (2020)'!$B$3:$B$784,0)),"no match"),"") -> 20
A5: Cloud storage | B5: Cloud storage (for individuals and workgroups) | C5: =IF(AND($A5<>"",$B5<>""),IFERROR(MATCH(A5,'RA-RTP (2020)'!$B$1:$B$784,0),"no match"),"") -> 40 | D5: =IF(AND($A5<>"",$B5<>""),IFERROR(INDEX('RA-RTP (2020)'!$A$3:$A$784,MATCH(A5,'RA-RTP (2020)'!$B$3:$B$784,0)),"no match"),"") -> 8
A6: Computer monitor | B6: AsusTek VS278Q computer monitor | C6: =IF(AND($A6<>"",$B6<>""),IFERROR(MATCH(A6,'RA-RTP (2020)'!$B$1:$B$784,0),"no match"),"") -> no match | D6: =IF(AND($A6<>"",$B6<>""),IFERROR(INDEX('RA-RTP (2020)'!$A$3:$A$784,MATCH(A6,'RA-RTP (2020)'!$B$3:$B$784,0)),"no match"),"") -> no match
A7: Computers | B7: Laptop or notebook PCs; desktop PCs; MacBook; Mac Mini: used in the office | C7: =IF(AND($A7<>"",$B7<>""),IFERROR(MATCH(A7,'RA-RTP (2020)'!$B$1:$B$784,0),"no match"),"") -> 16 | D7: =IF(AND($A7<>"",$B7<>""),IFERROR(INDEX('RA-RTP (2020)'!$A$3:$A$784,MATCH(A7,'RA-RTP (2020)'!$B$3:$B$784,0)),"no match"),"") -> 4
A8: Database files and records | B8: Database files and records | C8: =IF(AND($A8<>"",$B8<>""),IFERROR(MATCH(A8,'RA-RTP (2020)'!$B$1:$B$784,0),"no match"),"") -> 64 | D8: =IF(AND($A8<>"",$B8<>""),IFERROR(INDEX('RA-RTP (2020)'!$A$3:$A$784,MATCH(A8,'RA-RTP (2020)'!$B$3:$B$784,0)),"no match"),"") -> 12
A9: Email server (service) | B9: Email services and application | C9: =IF(AND($A9<>"",$B9<>""),IFERROR(MATCH(A9,'RA-RTP (2020)'!$B$1:$B$784,0),"no match"),"") -> 3 | D9: =IF(AND($A9<>"",$B9<>""),IFERROR(INDEX('RA-RTP (2020)'!$A$3:$A$784,MATCH(A9,'RA-RTP (2020)'!$B$3:$B$784,0)),"no match"),"") -> 1
A10: Employees' records | B10: Employees | C10: =IF(AND($A10<>"",$B10<>""),IFERROR(MATCH(A10,'RA-RTP (2020)'!$B$1:$B$784,0),"no match"),"") -> 52 | D10: =IF(AND($A10<>"",$B10<>""),IFERROR(INDEX('RA-RTP (2020)'!$A$3:$A$784,MATCH(A10,'RA-RTP (2020)'!$B$3:$B$784,0)),"no match"),"") -> 9
A11: Mobile applications | B11: Mobile applications deployed for customers | C11: =IF(AND($A11<>"",$B11<>""),IFERROR(MATCH(A11,'RA-RTP (2020)'!$B$1:$B$784,0),"no match"),"") -> 60 | D11: =IF(AND($A11<>"",$B11<>""),IFERROR(INDEX('RA-RTP (2020)'!$A$3:$A$784,MATCH(A11,'RA-RTP (2020)'!$B$3:$B$784,0)),"no match"),"") -> 11
A12: Modem (OA Guest) | B12: Singapore Telecommuications ADSL modem | C12: =IF(AND($A12<>"",$B12<>""),IFERROR(MATCH(A12,'RA-RTP (2020)'!$B$1:$B$784,0),"no match"),"") -> 98 | D12: =IF(AND($A12<>"",$B12<>""),IFERROR(INDEX('RA-RTP (2020)'!$A$3:$A$784,MATCH(A12,'RA-RTP (2020)'!$B$3:$B$784,0)),"no match"),"") -> 15
A13: Office 365 | B13: Office 365 software subscription service | C13: =IF(AND($A13<>"",$B13<>""),IFERROR(MATCH(A13,'RA-RTP (2020)'!$B$1:$B$784,0),"no match"),"") -> 139 | D13: =IF(AND($A13<>"",$B13<>""),IFERROR(INDEX('RA-RTP (2020)'!$A$3:$A$784,MATCH(A13,'RA-RTP (2020)'!$B$3:$B$784,0)),"no match"),"") -> 19
... A17: Web hosting service | B17: Web page server hosting service | C17: =IF(AND($A17<>"",$B17<>""),IFERROR(MATCH(A17,'RA-RTP (2020)'!$B$1:$B$784,0),"no match"),"") -> 68 | D17: =IF(AND($A17<>"",$B17<>""),IFERROR(INDEX('RA-RTP (2020)'!$A$3:$A$784,MATCH(A17,'RA-RTP (2020)'!$B$3:$B$784,0)),"no match"),"") -> 13
C18: =IF(AND($A18<>"",$B18<>""),IFERROR(MATCH(A18,'RA-RTP (2020)'!$B$1:$B$784,0),"no match"),"") | D18: =IF(AND($A18<>"",$B18<>""),IFERROR(INDEX('RA-RTP (2020)'!$A$3:$A$784,MATCH(A18,'RA-RTP (2020)'!$B$3:$B$784,0)),"no match"),"")
C19: =IF(AND($A19<>"",$B19<>""),IFERROR(MATCH(A19,'RA-RTP (2020)'!$B$1:$B$784,0),"no match"),"") | D19: =IF(AND($A19<>"",$B19<>""),IFERROR(INDEX('RA-RTP (2020)'!$A$3:$A$784,MATCH(A19,'RA-RTP (2020)'!$B$3:$B$784,0)),"no match"),"")
C20: =IF(AND($A20<>"",$B20<>""),IFERROR(MATCH(A20,'RA-RTP (2020)'!$B$1:$B$784,0),"no match"),"") | D20: =IF(AND($A20<>"",$B20<>""),IFERROR(INDEX('RA-RTP (2020)'!$A$3:$A$784,MATCH(A20,'RA-RTP (2020)'!$B$3:$B$784,0)),"no match"),"")
C21: =IF(AND($A21<>"",$B21<>""),IFERROR(MATCH(A21,'RA-RTP (2020)'!$B$1:$B$784,0),"no match"),"") | D21: =IF(AND($A21<>"",$B21<>""),IFERROR(INDEX('RA-RTP (2020)'!$A$3:$A$784,MATCH(A21,'RA-RTP (2020)'!$B$3:$B$784,0)),"no match"),"")
C22: =IF(AND($A22<>"",$B22<>""),IFERROR(MATCH(A22,'RA-RTP (2020)'!$B$1:$B$784,0),"no match"),"") | D22: =IF(AND($A22<>"",$B22<>""),IFERROR(INDEX('RA-RTP (2020)'!$A$3:$A$784,MATCH(A22,'RA-RTP (2020)'!$B$3:$B$784,0)),"no match"),"")
C23: =IF(AND($A23<>"",$B23<>""),IFERROR(MATCH(A23,'RA-RTP (2020)'!$B$1:$B$784,0),"no match"),"") | D23: =IF(AND($A23<>"",$B23<>""),IFERROR(INDEX('RA-RTP (2020)'!$A$3:$A$784,MATCH(A23,'RA-RTP (2020)'!$B$3:$B$784,0)),"no match"),"")
C24: =IF(AND($A24<>"",$B24<>""),IFERROR(MATCH(A24,'RA-RTP (2020)'!$B$1:$B$784,0),"no match"),"") | D24: =IF(AND($A24<>"",$B24<>""),IFERROR(INDEX('RA-RTP (2020)'!$A$3:$A$784,MATCH(A24,'RA-RTP (2020)'!$B$3:$B$784,0)),"no match"),"")
C25: =IF(AND($A25<>"",$B25<>""),IFERROR(MATCH(A25,'RA-RTP (2020)'!$B$1:$B$784,0),"no match"),"") | D25: =IF(AND($A25<>"",$B25<>""),IFERROR(INDEX('RA-RTP (2020)'!$A$3:$A$784,MATCH(A25,'RA-RTP (2020)'!$B$3:$B$784,0)),"no match"),"")
C26: =IF(AND($A26<>"",$B26<>""),IFERROR(MATCH(A26,'RA-RTP (2020)'!$B$1:$B$784,0),"no match"),"") | D26: =IF(AND($A26<>"",$B26<>""),IFERROR(INDEX('RA-RTP (2020)'!$A$3:$A$784,MATCH(A26,'RA-RTP (2020)'!$B$3:$B$784,0)),"no match"),"")
C27: =IF(AND($A27<>"",$B27<>""),IFERROR(MATCH(A27,'RA-RTP (2020)'!$B$1:$B$784,0),"no match"),"") | D27: =IF(AND($A27<>"",$B27<>""),IFERROR(INDEX('RA-RTP (2020)'!$A$3:$A$784,MATCH(A27,'RA-RTP (2020)'!$B$3:$B$784,0)),"no match"),"")
C28: =IF(AND($A28<>"",$B28<>""),IFERROR(MATCH(A28,'RA-RTP (2020)'!$B$1:$B$784,0),"no match"),"") | D28: =IF(AND($A28<>"",$B28<>""),IFERROR(INDEX('RA-RTP (2020)'!$A$3:$A$784,MATCH(A28,'RA-RTP (2020)'!$B$3:$B$784,0)),"no match"),"")
C29: =IF(AND($A29<>"",$B29<>""),IFERROR(MATCH(A29,'RA-RTP (2020)'!$B$1:$B$784,0),"no match"),"") | D29: =IF(AND($A29<>"",$B29<>""),IFERROR(INDEX('RA-RTP (2020)'!$A$3:$A$784,MATCH(A29,'RA-RTP (2020)'!$B$3:$B$784,0)),"no match"),"")
... C37: =IF(AND($A37<>"",$B37<>""),IFERROR(MATCH(A37,'RA-RTP (2020)'!$B$1:$B$784,0),"no match"),"") | D37: =IF(AND($A37<>"",$B37<>""),IFERROR(INDEX('RA-RTP (2020)'!$A$3:$A$784,MATCH(A37,'RA-RTP (2020)'!$B$3:$B$784,0)),"no match"),"")

Sheet Threats
A1: Catalogue of threats
A3: The following is a list of threats. This list is not final. Risks may change over time. Each organization may add situation-specific threats.
B5: accidental change of information system data
B6: application errors
B7: bomb attack
B8: bomb threat
B9: breach of contractual relations
B10: breach of legislation
B11: breakdown of communication links
B12: concealing user identity
B13: damage caused by third-party activities
B14: damage incurred during penetration testing
B15: destruction of records
B16: deterioration of media
... B52: vandalism
A53: NA | B53: Spill sensitive information
A54: NA | B54: Mishandling of critical and/or sensitive information by authorized users
A55: NA | B55: Incorrect privilege settings
A56: NA | B56: Communications contention
A57: NA | B57: Unreadable display
A58: NA | B58: Earthquake at primary facility
A59: NA | B59: Fire at primary facility
A60: NA | B60: Fire at backup facility
A61: NA | B61: Resource depletion
A62: NA | B62: Introduction of vulnerabilities into software products
A63: NA | B63: Disk error
A64: NA | B64: Pervasive disk error
... A148: A | B148: Coordinate cyber attacks using external (outsider), internal (insider), and supply chain (supplier) attack vectors

Sheet Vulnerabilities
A1: Catalogue of vulnerabilities
A3: The following is a list of vulnerabilities.
A4: This list is not final. Each organization may add situation-specific vulnerabilities.
B6: active sessions after working hours
B7: cable placing
B8: complicated user interface
B9: cryptographic keys accessible to unauthorized persons
B10: disposal of storage media without erasing data
B11: extensive powers
B12: inadequate capacity management
B13: inadequate change control
B14: inadequate level of knowledge and/or awareness of employees
B15: inadequate maintenance
B16: inadequate network management
B17: inadequate segregation of duties
... B55: weak passwords

Sheet Impact
A1: Confidentiality Matrix
A2: Rating Score | B2: Qualitative Rating | C2: Criteria: Data Classification | D2: Criteria: Legal or Regulatory | E2: Criteria: Number of Records
A3: 5 | B3: Very high | C3: Confidential | D3: Yes | E3: High
A4: 4 | B4: High | C4: Confidential | D4: No | E4: High
A5: 3 | B5: Medium | C5: Internal | D5: No | E5: Medium
A6: 2 | B6: Low | C6: Internal | D6: No | E6: Low
A7: 1 | B7: Very low | C7: Non-confidential / Public | D7: No | E7: Low to High
A9: Integrity Matrix
A10: Rating Score | B10: Qualitative Rating | C10: Criteria: Business Critical | D10: Criteria: Financially Material
A11: 5 | B11: Very high | C11: Very high | D11: High
A12: 4 | B12: High | C12: High | D12: High
A13: 3 | B13: Medium | C13: Medium | D13: Medium
A14: 2 | B14: Low | C14: Low | D14: Low
A15: 1 | B15: Very low | C15: Very low | D15: Low
A17: Availability Matrix
A18: Rating Score | B18: Qualitative Rating | C18: Criteria: Business Critical | D18: Criteria: Number of Users
A19: 5 | B19: Very high | C19: Very high | D19: High
A20: 4 | B20: High | C20: High | D20: Medium
A21: 3 | B21: Medium | C21: Medium | D21: Low
A22: 2 | B22: Low | C22: Low | D22: High
A23: 1 | B23: Very low | C23: Very low | D23: Low to Medium

Sheet Likelihood
A1: Rating Score | B1: Qualitative Rating | C1: Description (Adversarial) | D1: Description (Non-Adversarial)
A2: 5 | B2: Very high | C2: Adversary is almost certain to initiate the threat event. | D2: Error, accident, or act of nature is almost certain to occur; or occurs more than 100 times a year.
A3: 4 | B3: High | C3: Adversary is highly likely to initiate the threat event. | D3: Error, accident, or act of nature is highly likely to occur; or occurs between 10-100 times a year.
A4: 3 | B4: Medium | C4: Adversary is somewhat likely to initiate the treat event. | D4: Error, accident, or act of nature is somewhat likely to occur; or occurs between 1-10 times a year.
A5: 2 | B5: Low | C5: Adversary is unlikely to initiate the threat event. | D5: Error, accident, or act of nature is unlikely to occur; or occurs less than once a year, but more than once every 10 years.
A6: 1 | B6: Very low | C6: Adversary is highly unlikely to initiate the threat event. | D6: Error, accident, or act of nature is highly unlikely to occur; or occurs less than once every 10 years.

Sheet Acceptance
E2: Likelihood
E3: Very Low | F3: Low | G3: Moderate | H3: High | I3: Very High
E4: 1 | F4: 2 | G4: 3 | H4: 4 | I4: 5
B5: Impact | C5: Catastrophic | D5: 5 | E5: =$D5*E$4 -> 5 | F5: =$D5*F$4 -> 10 | G5: =$D5*G$4 -> 15 | H5: =$D5*H$4 -> 20 | I5: =$D5*I$4 -> 25
C6: Severe | D6: 4 | E6: =$D6*$E$4 -> 4 | F6: =$D6*F$4 -> 8 | G6: =$D6*G$4 -> 12 | H6: =$D6*H$4 -> 16 | I6: =$D6*I$4 -> 20
C7: Moderate | D7: 3 | E7: =$D7*$E$4 -> 3 | F7: =$D7*F$4 -> 6 | G7: =$D7*G$4 -> 9 | H7: =$D7*H$4 -> 12 | I7: =$D7*I$4 -> 15
C8: Low | D8: 2 | E8: =$D8*$E$4 -> 2 | F8: =$D8*F$4 -> 4 | G8: =$D8*G$4 -> 6 | H8: =$D8*H$4 -> 8 | I8: =$D8*I$4 -> 10
C9: Negligible | D9: 1 | E9: =$D9*$E$4 -> 1 | F9: =$D9*F$4 -> 2 | G9: =$D9*G$4 -> 3 | H9: =$D9*H$4 -> 4 | I9: =$D9*I$4 -> 5

Sheet Controls
A1: Controls according to Annex A of the ISO/IEC 27001:2013 standard | B1: Controls according to Annex A of the ISO/IEC 27001:2005 standard
B2: A.5 Information Security Policy
A3: A.5.1.1 Policies for information security | B3: A.5.1.1 Information Security Policy Document
A4: A.5.1.2 Review of the policies for information security | B4: A.5.1.2 Review of Information Security Policy
A5: A.6.1.1 Information security roles and responsibilities | B5: A.6 Organization of information security
A6: A.6.1.2 Segregation of duties | B6: A.6.1 Internal Organization
A7: A.6.1.3 Contact with authorities | B7: A.6.1.1 Management Commitment to information security
A8: A.6.1.4 Contact with special interest groups | B8: A.6.1.2 Information security Co-ordination
A9: A.6.1.5 Information security in project management | B9: A.6.1.3 Allocation of information security Responsibilities
A10: A.6.2.1 Mobile device policy | B10: A.6.1.4 Authorization process for Information Processing facilities
A11: A.6.2.2 Teleworking | B11: A.6.1.5 Confidentiality agreements
A12: A.7.1.1 Screening | B12: A.6.1.6 Contact with authorities
A13: A.7.1.2 Terms and conditions of employment | B13: A.6.1.7 Contact with special interest groups
A14: A.7.2.1 Management responsibilities | B14: A.6.1.8 Independent review of information security
... A116: A.18.2.3 Technical compliance review | B116: A.11.4.5 Segregation in networks
B117: A.11.4.6 Network connection control
B118: A.11.4.7 Network Routing control
B119: A.11.5 Operating System Access Control
B120: A.11.5.1 Secure Log-on procedures
B121: A.11.5.2 User identification and authentication
B122: A.11.5.3 Password Management system
B123: A.11.5.4 Use of system utilities
B124: A.11.5.5 Session Time-out
B125: A.11.5.6 Limitation of connection time
B126: A.11.6 Application access control
B127: A.11.6.1 Information access restriction
B128: A.11.6.2 Sensitive system isolation
... B183: A.15.3.2 Protection of information system audit tools

Sheet RTP Options
A1: Risk treatment options
A2: Selection of controls
A3: Transfer of risks to a third party
A4: Risk avoidance
A5: Risk acceptance

Sheet RTP status
A1: RTP status
A2: Annual review
A3: Approved
A4: Feasibility study
A5: Implemented
A6: Monitor
A7: Pending approval
A8: WIP
A9: NA
